station_id,station_name,date,time,wind_speed,wind_dir,wave_height,wave_dir,temp
BR_RIG,Rio Grande,13/01/2026,0:00,13.0,NE,1.1,NE,22.4
BR_RIG,Rio Grande,13/01/2026,1:00,10.0,NNE,1.0,NNE,22.1
BR_RIG,Rio Grande,13/01/2026,2:00,7.0,N,0.8,N,22.0
BR_RIG,Rio Grande,13/01/2026,3:00,4.0,N,0.7,N,22.1
BR_RIG,Rio Grande,13/01/2026,4:00,3.0,NE,0.7,NE,22.4
BR_RIG,Rio Grande,13/01/2026,5:00,4.0,ENE,0.7,ENE,22.9
BR_RIG,Rio Grande,13/01/2026,6:00,6.0,NE,0.8,NE,23.5
BR_RIG,Rio Grande,13/01/2026,7:00,9.0,NNE,0.9,NNE,24.2
BR_RIG,Rio Grande,13/01/2026,8:00,10.0,NNE,1.0,NNE,25.0
BR_RIG,Rio Grande,13/01/2026,9:00,10.0,NNE,1.0,NNE,25.8
BR_RIG,Rio Grande,13/01/2026,10:00,9.0,NNE,0.9,NNE,26.5
BR_RIG,Rio Grande,13/01/2026,11:00,10.0,NE,1.0,NE,27.1
BR_RIG,Rio Grande,13/01/2026,12:00,13.0,ENE,1.1,ENE,27.6
BR_RIG,Rio Grande,13/01/2026,13:00,13.0,ENE,1.1,ENE,27.9
BR_RIG,Rio Grande,13/01/2026,14:00,14.0,E,1.2,E,28.0
BR_RIG,Rio Grande,13/01/2026,15:00,15.0,E,1.2,E,27.9
BR_RIG,Rio Grande,13/01/2026,16:00,14.0,E,1.2,E,27.6
BR_RIG,Rio Grande,13/01/2026,17:00,12.0,E,1.1,E,27.1
BR_RIG,Rio Grande,13/01/2026,18:00,14.0,E,1.2,E,26.5
BR_RIG,Rio Grande,13/01/2026,19:00,15.0,E,1.2,E,25.8
BR_RIG,Rio Grande,13/01/2026,20:00,15.0,E,1.2,E,25.0
BR_RIG,Rio Grande,13/01/2026,21:00,16.0,E,1.3,E,24.2
BR_RIG,Rio Grande,13/01/2026,22:00,17.0,ENE,1.4,ENE,23.5
BR_RIG,Rio Grande,13/01/2026,23:00,16.0,ENE,1.3,ENE,22.9
BR_RIG,Rio Grande,14/01/2026,0:00,14.0,NE,1.2,NE,22.4
BR_RIG,Rio Grande,14/01/2026,1:00,12.0,NE,1.1,NE,22.1
BR_RIG,Rio Grande,14/01/2026,2:00,11.0,NE,1.1,NE,22.0
BR_RIG,Rio Grande,14/01/2026,3:00,9.0,NE,0.9,NE,22.1
BR_RIG,Rio Grande,14/01/2026,4:00,6.0,NNE,0.8,NNE,22.4
BR_RIG,Rio Grande,14/01/2026,5:00,6.0,NNE,0.8,NNE,22.9
BR_RIG,Rio Grande,14/01/2026,6:00,6.0,N,0.8,N,23.5
BR_RIG,Rio Grande,14/01/2026,7:00,6.0,N,0.8,N,24.2
BR_RIG,Rio Grande,14/01/2026,8:00,6.0,N,0.8,N,25.0
BR_RIG,Rio Grande,14/01/2026,9:00,6.0,NNE,0.8,NNE,25.8
BR_RIG,Rio Grande,14/01/2026,10:00,5.0,NE,0.8,NE,26.5
BR_RIG,Rio Grande,14/01/2026,11:00,9.0,ENE,0.9,ENE,27.1
BR_RIG,Rio Grande,14/01/2026,12:00,13.0,E,1.1,E,27.6
BR_RIG,Rio Grande,14/01/2026,13:00,17.0,E,1.4,E,27.9
BR_RIG,Rio Grande,14/01/2026,14:00,21.0,ESE,1.6,ESE,28.0
BR_RIG,Rio Grande,14/01/2026,15:00,22.0,ESE,1.6,ESE,27.9
BR_RIG,Rio Grande,14/01/2026,16:00,22.0,ESE,1.6,ESE,27.6
BR_RIG,Rio Grande,14/01/2026,17:00,22.0,E,1.6,E,27.1
BR_RIG,Rio Grande,14/01/2026,18:00,20.0,E,1.5,E,26.5
BR_RIG,Rio Grande,14/01/2026,19:00,21.0,E,1.6,E,25.8
BR_RIG,Rio Grande,14/01/2026,20:00,18.0,ENE,1.4,ENE,25.0
BR_RIG,Rio Grande,14/01/2026,21:00,18.0,ENE,1.4,ENE,24.2
BR_RIG,Rio Grande,14/01/2026,22:00,17.0,ENE,1.4,ENE,23.5
BR_RIG,Rio Grande,14/01/2026,23:00,15.0,ENE,1.2,ENE,22.9
BR_RIG,Rio Grande,15/01/2026,0:00,11.0,NE,1.1,NE,22.4
BR_RIG,Rio Grande,15/01/2026,1:00,11.0,NE,1.1,NE,22.1
BR_RIG,Rio Grande,15/01/2026,2:00,10.0,NE,1.0,NE,22.0
BR_RIG,Rio Grande,15/01/2026,3:00,9.0,NE,0.9,NE,22.1
BR_RIG,Rio Grande,15/01/2026,4:00,10.0,NE,1.0,NE,22.4
BR_RIG,Rio Grande,15/01/2026,5:00,11.0,NE,1.1,NE,22.9
BR_RIG,Rio Grande,15/01/2026,6:00,10.0,NE,1.0,NE,23.5
BR_RIG,Rio Grande,15/01/2026,7:00,9.0,NNE,0.9,NNE,24.2
BR_RIG,Rio Grande,15/01/2026,8:00,10.0,NE,1.0,NE,25.0
BR_RIG,Rio Grande,15/01/2026,9:00,10.0,NE,1.0,NE,25.8
BR_RIG,Rio Grande,15/01/2026,10:00,10.0,NE,1.0,NE,26.5
BR_RIG,Rio Grande,15/01/2026,11:00,10.0,ENE,1.0,ENE,27.1
BR_RIG,Rio Grande,15/01/2026,12:00,9.0,ENE,0.9,ENE,27.6
BR_RIG,Rio Grande,15/01/2026,13:00,12.0,E,1.1,E,27.9
BR_RIG,Rio Grande,15/01/2026,14:00,18.0,E,1.4,E,28.0
BR_RIG,Rio Grande,15/01/2026,15:00,9.0,S,0.9,S,27.9
BR_RIG,Rio Grande,15/01/2026,16:00,19.0,SE,1.4,SE,27.6
BR_RIG,Rio Grande,15/01/2026,17:00,18.0,ESE,1.4,ESE,27.1
BR_RIG,Rio Grande,15/01/2026,18:00,6.0,NNE,0.8,NNE,26.5
BR_RIG,Rio Grande,15/01/2026,19:00,24.0,W,1.7,W,25.8
BR_RIG,Rio Grande,15/01/2026,20:00,12.0,SW,1.1,SW,25.0
BR_RIG,Rio Grande,15/01/2026,21:00,4.0,E,0.7,E,24.2
BR_RIG,Rio Grande,15/01/2026,22:00,8.0,NNW,0.9,NNW,23.5
BR_RIG,Rio Grande,15/01/2026,23:00,5.0,NNW,0.8,NNW,22.9
BR_RIG,Rio Grande,16/01/2026,0:00,1.0,ENE,0.6,ENE,22.4
BR_RIG,Rio Grande,16/01/2026,1:00,3.0,NE,0.7,NE,22.1
BR_RIG,Rio Grande,16/01/2026,2:00,9.0,NNW,0.9,NNW,22.0
BR_RIG,Rio Grande,16/01/2026,3:00,9.0,NNW,0.9,NNW,22.1
BR_RIG,Rio Grande,16/01/2026,4:00,8.0,W,0.9,W,22.4
BR_RIG,Rio Grande,16/01/2026,5:00,7.0,W,0.8,W,22.9
BR_RIG,Rio Grande,16/01/2026,6:00,6.0,WNW,0.8,WNW,23.5
BR_RIG,Rio Grande,16/01/2026,7:00,9.0,W,0.9,W,24.2
BR_RIG,Rio Grande,16/01/2026,8:00,9.0,WSW,0.9,WSW,25.0
BR_RIG,Rio Grande,16/01/2026,9:00,8.0,SW,0.9,SW,25.8
BR_RIG,Rio Grande,16/01/2026,10:00,8.0,SSW,0.9,SSW,26.5
BR_RIG,Rio Grande,16/01/2026,11:00,9.0,SSE,0.9,SSE,27.1
BR_RIG,Rio Grande,16/01/2026,12:00,11.0,SSE,1.1,SSE,27.6
BR_RIG,Rio Grande,16/01/2026,13:00,13.0,SE,1.1,SE,27.9
BR_RIG,Rio Grande,16/01/2026,14:00,17.0,SSE,1.4,SSE,28.0
BR_RIG,Rio Grande,16/01/2026,15:00,21.0,SSE,1.6,SSE,27.9
BR_RIG,Rio Grande,16/01/2026,16:00,22.0,SSE,1.6,SSE,27.6
BR_RIG,Rio Grande,16/01/2026,17:00,23.0,SSE,1.6,SSE,27.1
BR_RIG,Rio Grande,16/01/2026,18:00,20.0,SSE,1.5,SSE,26.5
BR_RIG,Rio Grande,16/01/2026,19:00,17.0,SE,1.4,SE,25.8
BR_RIG,Rio Grande,16/01/2026,20:00,15.0,ESE,1.2,ESE,25.0
BR_RIG,Rio Grande,16/01/2026,21:00,18.0,SE,1.4,SE,24.2
BR_RIG,Rio Grande,16/01/2026,22:00,13.0,ESE,1.1,ESE,23.5
BR_RIG,Rio Grande,16/01/2026,23:00,9.0,E,0.9,E,22.9
BR_RIG,Rio Grande,17/01/2026,0:00,9.0,ESE,0.9,ESE,22.4
BR_RIG,Rio Grande,17/01/2026,1:00,10.0,ESE,1.0,ESE,22.1
BR_RIG,Rio Grande,17/01/2026,2:00,7.0,SE,0.8,SE,22.0
BR_RIG,Rio Grande,17/01/2026,3:00,9.0,ESE,0.9,ESE,22.1
BR_RIG,Rio Grande,17/01/2026,4:00,7.0,SE,0.8,SE,22.4
BR_RIG,Rio Grande,17/01/2026,5:00,10.0,SE,1.0,SE,22.9
BR_RIG,Rio Grande,17/01/2026,6:00,3.0,ESE,0.7,ESE,23.5
BR_RIG,Rio Grande,17/01/2026,7:00,3.0,SSE,0.7,SSE,24.2
BR_RIG,Rio Grande,17/01/2026,8:00,10.0,ESE,1.0,ESE,25.0
BR_RIG,Rio Grande,17/01/2026,9:00,11.0,ESE,1.1,ESE,25.8
BR_RIG,Rio Grande,17/01/2026,10:00,12.0,ESE,1.1,ESE,26.5
BR_RIG,Rio Grande,17/01/2026,11:00,13.0,ESE,1.1,ESE,27.1
BR_RIG,Rio Grande,17/01/2026,12:00,14.0,E,1.2,E,27.6
BR_RIG,Rio Grande,17/01/2026,13:00,15.0,E,1.2,E,27.9
BR_RIG,Rio Grande,17/01/2026,14:00,16.0,E,1.3,E,28.0
BR_RIG,Rio Grande,17/01/2026,15:00,18.0,E,1.4,E,27.9
BR_RIG,Rio Grande,17/01/2026,16:00,19.0,E,1.4,E,27.6
BR_RIG,Rio Grande,17/01/2026,17:00,21.0,E,1.6,E,27.1
BR_RIG,Rio Grande,17/01/2026,18:00,21.0,E,1.6,E,26.5
BR_RIG,Rio Grande,17/01/2026,19:00,22.0,E,1.6,E,25.8
BR_RIG,Rio Grande,17/01/2026,20:00,22.0,E,1.6,E,25.0
BR_RIG,Rio Grande,17/01/2026,21:00,21.0,E,1.6,E,24.2
BR_RIG,Rio Grande,17/01/2026,22:00,19.0,ENE,1.4,ENE,23.5
BR_RIG,Rio Grande,17/01/2026,23:00,18.0,ENE,1.4,ENE,22.9
BR_RIG,Rio Grande,18/01/2026,0:00,16.0,ENE,1.3,ENE,22.4
BR_RIG,Rio Grande,18/01/2026,1:00,15.0,ENE,1.2,ENE,22.1
BR_RIG,Rio Grande,18/01/2026,2:00,13.0,ENE,1.1,ENE,22.0
BR_RIG,Rio Grande,18/01/2026,3:00,12.0,ENE,1.1,ENE,22.1
BR_RIG,Rio Grande,18/01/2026,4:00,11.0,ENE,1.1,ENE,22.4
BR_RIG,Rio Grande,18/01/2026,5:00,10.0,ENE,1.0,ENE,22.9
BR_RIG,Rio Grande,18/01/2026,6:00,9.0,NE,0.9,NE,23.5
BR_RIG,Rio Grande,18/01/2026,7:00,8.0,NNE,0.9,NNE,24.2
BR_RIG,Rio Grande,18/01/2026,8:00,6.0,NNE,0.8,NNE,25.0
BR_RIG,Rio Grande,18/01/2026,9:00,6.0,ENE,0.8,ENE,25.8
BR_RIG,Rio Grande,18/01/2026,10:00,6.0,E,0.8,E,26.5
BR_RIG,Rio Grande,18/01/2026,11:00,6.0,SE,0.8,SE,27.1
BR_RIG,Rio Grande,18/01/2026,12:00,9.0,SE,0.9,SE,27.6
BR_RIG,Rio Grande,18/01/2026,13:00,13.0,ESE,1.1,ESE,27.9
BR_RIG,Rio Grande,18/01/2026,14:00,17.0,ESE,1.4,ESE,28.0
BR_RIG,Rio Grande,18/01/2026,15:00,18.0,ESE,1.4,ESE,27.9
BR_RIG,Rio Grande,18/01/2026,16:00,18.0,ESE,1.4,ESE,27.6
BR_RIG,Rio Grande,18/01/2026,17:00,19.0,ESE,1.4,ESE,27.1
BR_RIG,Rio Grande,18/01/2026,18:00,15.0,ESE,1.2,ESE,26.5
BR_RIG,Rio Grande,18/01/2026,19:00,11.0,ESE,1.1,ESE,25.8
BR_RIG,Rio Grande,18/01/2026,20:00,8.0,ESE,0.9,ESE,25.0
BR_RIG,Rio Grande,18/01/2026,21:00,6.0,ESE,0.8,ESE,24.2
BR_RIG,Rio Grande,18/01/2026,22:00,4.0,ESE,0.7,ESE,23.5
BR_RIG,Rio Grande,18/01/2026,23:00,2.0,ESE,0.6,ESE,22.9
BR_RIG,Rio Grande,19/01/2026,0:00,10.0,SE,1.0,SE,22.4
BR_RIG,Rio Grande,19/01/2026,1:00,18.0,S,1.4,S,22.1
BR_RIG,Rio Grande,19/01/2026,2:00,26.0,SW,1.8,SW,22.0
BR_RIG,Rio Grande,19/01/2026,3:00,27.0,SSW,1.9,SSW,22.1
BR_RIG,Rio Grande,19/01/2026,4:00,28.0,SSW,1.9,SSW,22.4
BR_RIG,Rio Grande,19/01/2026,5:00,30.0,SSW,2.0,SSW,22.9
BR_RIG,Rio Grande,19/01/2026,6:00,34.0,S,2.2,S,23.5
BR_RIG,Rio Grande,19/01/2026,7:00,39.0,S,2.5,S,24.2
BR_RIG,Rio Grande,19/01/2026,8:00,43.0,S,2.6,S,25.0
BR_RIG,Rio Grande,19/01/2026,9:00,41.0,SSE,2.5,SSE,25.8
BR_RIG,Rio Grande,19/01/2026,10:00,40.0,SSE,2.5,SSE,26.5
BR_RIG,Rio Grande,19/01/2026,11:00,38.0,SSE,2.4,SSE,27.1
BR_RIG,Rio Grande,19/01/2026,12:00,36.0,SSE,2.3,SSE,27.6
BR_RIG,Rio Grande,19/01/2026,13:00,35.0,SSE,2.2,SSE,27.9
BR_RIG,Rio Grande,19/01/2026,14:00,33.0,SSE,2.1,SSE,28.0
BR_RIG,Rio Grande,19/01/2026,15:00,32.0,SSE,2.1,SSE,27.9
BR_RIG,Rio Grande,19/01/2026,16:00,31.0,SSE,2.0,SSE,27.6
BR_RIG,Rio Grande,19/01/2026,17:00,30.0,SSE,2.0,SSE,27.1
BR_RIG,Rio Grande,19/01/2026,18:00,29.0,SSE,1.9,SSE,26.5
BR_RIG,Rio Grande,19/01/2026,19:00,27.0,SSE,1.9,SSE,25.8
BR_RIG,Rio Grande,19/01/2026,20:00,26.0,SSE,1.8,SSE,25.0
BR_RIG,Rio Grande,19/01/2026,21:00,24.0,SE,1.7,SE,24.2
BR_RIG,Rio Grande,19/01/2026,22:00,23.0,SE,1.6,SE,23.5
BR_RIG,Rio Grande,19/01/2026,23:00,22.0,SE,1.6,SE,22.9
BR_PNG,Paranaguá,13/01/2026,0:00,4.0,NW,0.7,NW,22.4
BR_PNG,Paranaguá,13/01/2026,1:00,5.0,W,0.8,W,22.1
BR_PNG,Paranaguá,13/01/2026,2:00,5.0,WNW,0.8,WNW,22.0
BR_PNG,Paranaguá,13/01/2026,3:00,4.0,W,0.7,W,22.1
BR_PNG,Paranaguá,13/01/2026,4:00,3.0,WNW,0.7,WNW,22.4
BR_PNG,Paranaguá,13/01/2026,5:00,3.0,WNW,0.7,WNW,22.9
BR_PNG,Paranaguá,13/01/2026,6:00,2.0,W,0.6,W,23.5
BR_PNG,Paranaguá,13/01/2026,7:00,2.0,W,0.6,W,24.2
BR_PNG,Paranaguá,13/01/2026,8:00,1.0,NNE,0.6,NNE,25.0
BR_PNG,Paranaguá,13/01/2026,9:00,4.0,E,0.7,E,25.8
BR_PNG,Paranaguá,13/01/2026,10:00,7.0,E,0.8,E,26.5
BR_PNG,Paranaguá,13/01/2026,11:00,11.0,E,1.1,E,27.1
BR_PNG,Paranaguá,13/01/2026,12:00,11.0,ESE,1.1,ESE,27.6
BR_PNG,Paranaguá,13/01/2026,13:00,8.0,E,0.9,E,27.9
BR_PNG,Paranaguá,13/01/2026,14:00,10.0,ESE,1.0,ESE,28.0
BR_PNG,Paranaguá,13/01/2026,15:00,5.0,S,0.8,S,27.9
BR_PNG,Paranaguá,13/01/2026,16:00,8.0,NNW,0.9,NNW,27.6
BR_PNG,Paranaguá,13/01/2026,17:00,7.0,W,0.8,W,27.1
BR_PNG,Paranaguá,13/01/2026,18:00,8.0,NNW,0.9,NNW,26.5
BR_PNG,Paranaguá,13/01/2026,19:00,10.0,N,1.0,N,25.8
BR_PNG,Paranaguá,13/01/2026,20:00,8.0,WNW,0.9,WNW,25.0
BR_PNG,Paranaguá,13/01/2026,21:00,4.0,NW,0.7,NW,24.2
BR_PNG,Paranaguá,13/01/2026,22:00,4.0,WNW,0.7,WNW,23.5
BR_PNG,Paranaguá,13/01/2026,23:00,3.0,WNW,0.7,WNW,22.9
BR_PNG,Paranaguá,14/01/2026,0:00,4.0,W,0.7,W,22.4
BR_PNG,Paranaguá,14/01/2026,1:00,3.0,NW,0.7,NW,22.1
BR_PNG,Paranaguá,14/01/2026,2:00,5.0,WSW,0.8,WSW,22.0
BR_PNG,Paranaguá,14/01/2026,3:00,5.0,WSW,0.8,WSW,22.1
BR_PNG,Paranaguá,14/01/2026,4:00,1.0,NE,0.6,NE,22.4
BR_PNG,Paranaguá,14/01/2026,5:00,1.0,SSE,0.6,SSE,22.9
BR_PNG,Paranaguá,14/01/2026,6:00,2.0,WSW,0.6,WSW,23.5
BR_PNG,Paranaguá,14/01/2026,7:00,2.0,WNW,0.6,WNW,24.2
BR_PNG,Paranaguá,14/01/2026,8:00,1.0,NNW,0.6,NNW,25.0
BR_PNG,Paranaguá,14/01/2026,9:00,4.0,ENE,0.7,ENE,25.8
BR_PNG,Paranaguá,14/01/2026,10:00,6.0,E,0.8,E,26.5
BR_PNG,Paranaguá,14/01/2026,11:00,8.0,ESE,0.9,ESE,27.1
BR_PNG,Paranaguá,14/01/2026,12:00,11.0,ESE,1.1,ESE,27.6
BR_PNG,Paranaguá,14/01/2026,13:00,13.0,ESE,1.1,ESE,27.9
BR_PNG,Paranaguá,14/01/2026,14:00,10.0,E,1.0,E,28.0
BR_PNG,Paranaguá,14/01/2026,15:00,8.0,NE,0.9,NE,27.9
BR_PNG,Paranaguá,14/01/2026,16:00,3.0,N,0.7,N,27.6
BR_PNG,Paranaguá,14/01/2026,17:00,5.0,N,0.8,N,27.1
BR_PNG,Paranaguá,14/01/2026,18:00,5.0,NNE,0.8,NNE,26.5
BR_PNG,Paranaguá,14/01/2026,19:00,4.0,NW,0.7,NW,25.8
BR_PNG,Paranaguá,14/01/2026,20:00,3.0,NNW,0.7,NNW,25.0
BR_PNG,Paranaguá,14/01/2026,21:00,4.0,N,0.7,N,24.2
BR_PNG,Paranaguá,14/01/2026,22:00,2.0,WNW,0.6,WNW,23.5
BR_PNG,Paranaguá,14/01/2026,23:00,2.0,NW,0.6,NW,22.9
BR_PNG,Paranaguá,15/01/2026,0:00,4.0,WNW,0.7,WNW,22.4
BR_PNG,Paranaguá,15/01/2026,1:00,5.0,W,0.8,W,22.1
BR_PNG,Paranaguá,15/01/2026,2:00,4.0,W,0.7,W,22.0
BR_PNG,Paranaguá,15/01/2026,3:00,5.0,W,0.8,W,22.1
BR_PNG,Paranaguá,15/01/2026,4:00,3.0,WNW,0.7,WNW,22.4
BR_PNG,Paranaguá,15/01/2026,5:00,2.0,NW,0.6,NW,22.9
BR_PNG,Paranaguá,15/01/2026,6:00,2.0,NW,0.6,NW,23.5
BR_PNG,Paranaguá,15/01/2026,7:00,2.0,NW,0.6,NW,24.2
BR_PNG,Paranaguá,15/01/2026,8:00,2.0,NE,0.6,NE,25.0
BR_PNG,Paranaguá,15/01/2026,9:00,3.0,E,0.7,E,25.8
BR_PNG,Paranaguá,15/01/2026,10:00,7.0,E,0.8,E,26.5
BR_PNG,Paranaguá,15/01/2026,11:00,10.0,ESE,1.0,ESE,27.1
BR_PNG,Paranaguá,15/01/2026,12:00,13.0,ESE,1.1,ESE,27.6
BR_PNG,Paranaguá,15/01/2026,13:00,12.0,ESE,1.1,ESE,27.9
BR_PNG,Paranaguá,15/01/2026,14:00,12.0,ESE,1.1,ESE,28.0
BR_PNG,Paranaguá,15/01/2026,15:00,10.0,ESE,1.0,ESE,27.9
BR_PNG,Paranaguá,15/01/2026,16:00,9.0,ESE,0.9,ESE,27.6
BR_PNG,Paranaguá,15/01/2026,17:00,8.0,ESE,0.9,ESE,27.1
BR_PNG,Paranaguá,15/01/2026,18:00,9.0,E,0.9,E,26.5
BR_PNG,Paranaguá,15/01/2026,19:00,1.0,ESE,0.6,ESE,25.8
BR_PNG,Paranaguá,15/01/2026,20:00,2.0,ESE,0.6,ESE,25.0
BR_PNG,Paranaguá,15/01/2026,21:00,3.0,NW,0.7,NW,24.2
BR_PNG,Paranaguá,15/01/2026,22:00,4.0,WSW,0.7,WSW,23.5
BR_PNG,Paranaguá,15/01/2026,23:00,3.0,WNW,0.7,WNW,22.9
BR_PNG,Paranaguá,16/01/2026,0:00,4.0,WNW,0.7,WNW,22.4
BR_PNG,Paranaguá,16/01/2026,1:00,4.0,W,0.7,W,22.1
BR_PNG,Paranaguá,16/01/2026,2:00,4.0,WNW,0.7,WNW,22.0
BR_PNG,Paranaguá,16/01/2026,3:00,4.0,W,0.7,W,22.1
BR_PNG,Paranaguá,16/01/2026,4:00,4.0,W,0.7,W,22.4
BR_PNG,Paranaguá,16/01/2026,5:00,5.0,WNW,0.8,WNW,22.9
BR_PNG,Paranaguá,16/01/2026,6:00,3.0,W,0.7,W,23.5
BR_PNG,Paranaguá,16/01/2026,7:00,3.0,NW,0.7,NW,24.2
BR_PNG,Paranaguá,16/01/2026,8:00,2.0,NNW,0.6,NNW,25.0
BR_PNG,Paranaguá,16/01/2026,9:00,4.0,ENE,0.7,ENE,25.8
BR_PNG,Paranaguá,16/01/2026,10:00,7.0,E,0.8,E,26.5
BR_PNG,Paranaguá,16/01/2026,11:00,9.0,E,0.9,E,27.1
BR_PNG,Paranaguá,16/01/2026,12:00,13.0,ESE,1.1,ESE,27.6
BR_PNG,Paranaguá,16/01/2026,13:00,13.0,ESE,1.1,ESE,27.9
BR_PNG,Paranaguá,16/01/2026,14:00,13.0,ESE,1.1,ESE,28.0
BR_PNG,Paranaguá,16/01/2026,15:00,11.0,E,1.1,E,27.9
BR_PNG,Paranaguá,16/01/2026,16:00,10.0,E,1.0,E,27.6
BR_PNG,Paranaguá,16/01/2026,17:00,6.0,ESE,0.8,ESE,27.1
BR_PNG,Paranaguá,16/01/2026,18:00,5.0,ESE,0.8,ESE,26.5
BR_PNG,Paranaguá,16/01/2026,19:00,4.0,ENE,0.7,ENE,25.8
BR_PNG,Paranaguá,16/01/2026,20:00,3.0,S,0.7,S,25.0
BR_PNG,Paranaguá,16/01/2026,21:00,3.0,SSE,0.7,SSE,24.2
BR_PNG,Paranaguá,16/01/2026,22:00,3.0,ENE,0.7,ENE,23.5
BR_PNG,Paranaguá,16/01/2026,23:00,5.0,WSW,0.8,WSW,22.9
BR_PNG,Paranaguá,17/01/2026,0:00,2.0,W,0.6,W,22.4
BR_PNG,Paranaguá,17/01/2026,1:00,3.0,WSW,0.7,WSW,22.1
BR_PNG,Paranaguá,17/01/2026,2:00,4.0,W,0.7,W,22.0
BR_PNG,Paranaguá,17/01/2026,3:00,3.0,W,0.7,W,22.1
BR_PNG,Paranaguá,17/01/2026,4:00,2.0,W,0.6,W,22.4
BR_PNG,Paranaguá,17/01/2026,5:00,4.0,WNW,0.7,WNW,22.9
BR_PNG,Paranaguá,17/01/2026,6:00,3.0,WSW,0.7,WSW,23.5
BR_PNG,Paranaguá,17/01/2026,7:00,3.0,W,0.7,W,24.2
BR_PNG,Paranaguá,17/01/2026,8:00,2.0,N,0.6,N,25.0
BR_PNG,Paranaguá,17/01/2026,9:00,5.0,NE,0.8,NE,25.8
BR_PNG,Paranaguá,17/01/2026,10:00,7.0,E,0.8,E,26.5
BR_PNG,Paranaguá,17/01/2026,11:00,10.0,ESE,1.0,ESE,27.1
BR_PNG,Paranaguá,17/01/2026,12:00,9.0,SE,0.9,SE,27.6
BR_PNG,Paranaguá,17/01/2026,13:00,8.0,SE,0.9,SE,27.9
BR_PNG,Paranaguá,17/01/2026,14:00,8.0,SE,0.9,SE,28.0
BR_PNG,Paranaguá,17/01/2026,15:00,8.0,SE,0.9,SE,27.9
BR_PNG,Paranaguá,17/01/2026,16:00,7.0,ESE,0.8,ESE,27.6
BR_PNG,Paranaguá,17/01/2026,17:00,7.0,ESE,0.8,ESE,27.1
BR_PNG,Paranaguá,17/01/2026,18:00,5.0,E,0.8,E,26.5
BR_PNG,Paranaguá,17/01/2026,19:00,3.0,NE,0.7,NE,25.8
BR_PNG,Paranaguá,17/01/2026,20:00,1.0,NNE,0.6,NNE,25.0
BR_PNG,Paranaguá,17/01/2026,21:00,1.0,ESE,0.6,ESE,24.2
BR_PNG,Paranaguá,17/01/2026,22:00,2.0,S,0.6,S,23.5
BR_PNG,Paranaguá,17/01/2026,23:00,2.0,W,0.6,W,22.9
BR_PNG,Paranaguá,18/01/2026,0:00,3.0,W,0.7,W,22.4
BR_PNG,Paranaguá,18/01/2026,1:00,4.0,W,0.7,W,22.1
BR_PNG,Paranaguá,18/01/2026,2:00,4.0,WNW,0.7,WNW,22.0
BR_PNG,Paranaguá,18/01/2026,3:00,4.0,WNW,0.7,WNW,22.1
BR_PNG,Paranaguá,18/01/2026,4:00,4.0,WNW,0.7,WNW,22.4
BR_PNG,Paranaguá,18/01/2026,5:00,3.0,NW,0.7,NW,22.9
BR_PNG,Paranaguá,18/01/2026,6:00,3.0,NW,0.7,NW,23.5
BR_PNG,Paranaguá,18/01/2026,7:00,2.0,NW,0.6,NW,24.2
BR_PNG,Paranaguá,18/01/2026,8:00,2.0,NW,0.6,NW,25.0
BR_PNG,Paranaguá,18/01/2026,9:00,4.0,WSW,0.7,WSW,25.8
BR_PNG,Paranaguá,18/01/2026,10:00,6.0,S,0.8,S,26.5
BR_PNG,Paranaguá,18/01/2026,11:00,8.0,ESE,0.9,ESE,27.1
BR_PNG,Paranaguá,18/01/2026,12:00,10.0,ESE,1.0,ESE,27.6
BR_PNG,Paranaguá,18/01/2026,13:00,12.0,ESE,1.1,ESE,27.9
BR_PNG,Paranaguá,18/01/2026,14:00,13.0,ESE,1.1,ESE,28.0
BR_PNG,Paranaguá,18/01/2026,15:00,11.0,ESE,1.1,ESE,27.9
BR_PNG,Paranaguá,18/01/2026,16:00,8.0,E,0.9,E,27.6
BR_PNG,Paranaguá,18/01/2026,17:00,5.0,E,0.8,E,27.1
BR_PNG,Paranaguá,18/01/2026,18:00,5.0,SSE,0.8,SSE,26.5
BR_PNG,Paranaguá,18/01/2026,19:00,4.0,SSW,0.7,SSW,25.8
BR_PNG,Paranaguá,18/01/2026,20:00,4.0,W,0.7,W,25.0
BR_PNG,Paranaguá,18/01/2026,21:00,4.0,WSW,0.7,WSW,24.2
BR_PNG,Paranaguá,18/01/2026,22:00,3.0,SW,0.7,SW,23.5
BR_PNG,Paranaguá,18/01/2026,23:00,3.0,SSW,0.7,SSW,22.9
BR_PNG,Paranaguá,19/01/2026,0:00,4.0,WSW,0.7,WSW,22.4
BR_PNG,Paranaguá,19/01/2026,1:00,5.0,W,0.8,W,22.1
BR_PNG,Paranaguá,19/01/2026,2:00,6.0,WNW,0.8,WNW,22.0
BR_PNG,Paranaguá,19/01/2026,3:00,5.0,WNW,0.8,WNW,22.1
BR_PNG,Paranaguá,19/01/2026,4:00,4.0,NW,0.7,NW,22.4
BR_PNG,Paranaguá,19/01/2026,5:00,3.0,NW,0.7,NW,22.9
BR_PNG,Paranaguá,19/01/2026,6:00,4.0,W,0.7,W,23.5
BR_PNG,Paranaguá,19/01/2026,7:00,4.0,SW,0.7,SW,24.2
BR_PNG,Paranaguá,19/01/2026,8:00,5.0,S,0.8,S,25.0
BR_PNG,Paranaguá,19/01/2026,9:00,6.0,SSE,0.8,SSE,25.8
BR_PNG,Paranaguá,19/01/2026,10:00,7.0,SSE,0.8,SSE,26.5
BR_PNG,Paranaguá,19/01/2026,11:00,9.0,SE,0.9,SE,27.1
BR_PNG,Paranaguá,19/01/2026,12:00,10.0,SSE,1.0,SSE,27.6
BR_PNG,Paranaguá,19/01/2026,13:00,11.0,SSE,1.1,SSE,27.9
BR_PNG,Paranaguá,19/01/2026,14:00,12.0,SSE,1.1,SSE,28.0
BR_PNG,Paranaguá,19/01/2026,15:00,11.0,SSE,1.1,SSE,27.9
BR_PNG,Paranaguá,19/01/2026,16:00,10.0,SSE,1.0,SSE,27.6
BR_PNG,Paranaguá,19/01/2026,17:00,9.0,SSE,0.9,SSE,27.1
BR_PNG,Paranaguá,19/01/2026,18:00,9.0,SSE,0.9,SSE,26.5
BR_PNG,Paranaguá,19/01/2026,19:00,8.0,SSE,0.9,SSE,25.8
BR_PNG,Paranaguá,19/01/2026,20:00,8.0,SSE,0.9,SSE,25.0
BR_PNG,Paranaguá,19/01/2026,21:00,9.0,SSE,0.9,SSE,24.2
BR_PNG,Paranaguá,19/01/2026,22:00,10.0,SSE,1.0,SSE,23.5
BR_PNG,Paranaguá,19/01/2026,23:00,11.0,SSE,1.1,SSE,22.9
BR_SFS,São Francisco do Sul,13/01/2026,0:00,4.0,WSW,0.7,WSW,22.4
BR_SFS,São Francisco do Sul,13/01/2026,1:00,3.0,WSW,0.7,WSW,22.1
BR_SFS,São Francisco do Sul,13/01/2026,2:00,3.0,WSW,0.7,WSW,22.0
BR_SFS,São Francisco do Sul,13/01/2026,3:00,2.0,WNW,0.6,WNW,22.1
BR_SFS,São Francisco do Sul,13/01/2026,4:00,4.0,WNW,0.7,WNW,22.4
BR_SFS,São Francisco do Sul,13/01/2026,5:00,4.0,W,0.7,W,22.9
BR_SFS,São Francisco do Sul,13/01/2026,6:00,4.0,WNW,0.7,WNW,23.5
BR_SFS,São Francisco do Sul,13/01/2026,7:00,4.0,W,0.7,W,24.2
BR_SFS,São Francisco do Sul,13/01/2026,8:00,3.0,W,0.7,W,25.0
BR_SFS,São Francisco do Sul,13/01/2026,9:00,3.0,WSW,0.7,WSW,25.8
BR_SFS,São Francisco do Sul,13/01/2026,10:00,1.0,SW,0.6,SW,26.5
BR_SFS,São Francisco do Sul,13/01/2026,11:00,1.0,E,0.6,E,27.1
BR_SFS,São Francisco do Sul,13/01/2026,12:00,3.0,ENE,0.7,ENE,27.6
BR_SFS,São Francisco do Sul,13/01/2026,13:00,7.0,ENE,0.8,ENE,27.9
BR_SFS,São Francisco do Sul,13/01/2026,14:00,10.0,ENE,1.0,ENE,28.0
BR_SFS,São Francisco do Sul,13/01/2026,15:00,12.0,ENE,1.1,ENE,27.9
BR_SFS,São Francisco do Sul,13/01/2026,16:00,10.0,ENE,1.0,ENE,27.6
BR_SFS,São Francisco do Sul,13/01/2026,17:00,10.0,NNW,1.0,NNW,27.1
BR_SFS,São Francisco do Sul,13/01/2026,18:00,8.0,N,0.9,N,26.5
BR_SFS,São Francisco do Sul,13/01/2026,19:00,3.0,S,0.7,S,25.8
BR_SFS,São Francisco do Sul,13/01/2026,20:00,2.0,NW,0.6,NW,25.0
BR_SFS,São Francisco do Sul,13/01/2026,21:00,3.0,NNW,0.7,NNW,24.2
BR_SFS,São Francisco do Sul,13/01/2026,22:00,2.0,N,0.6,N,23.5
BR_SFS,São Francisco do Sul,13/01/2026,23:00,3.0,NNW,0.7,NNW,22.9
BR_SFS,São Francisco do Sul,14/01/2026,0:00,1.0,WNW,0.6,WNW,22.4
BR_SFS,São Francisco do Sul,14/01/2026,1:00,4.0,WSW,0.7,WSW,22.1
BR_SFS,São Francisco do Sul,14/01/2026,2:00,3.0,W,0.7,W,22.0
BR_SFS,São Francisco do Sul,14/01/2026,3:00,3.0,WSW,0.7,WSW,22.1
BR_SFS,São Francisco do Sul,14/01/2026,4:00,3.0,WSW,0.7,WSW,22.4
BR_SFS,São Francisco do Sul,14/01/2026,5:00,3.0,WNW,0.7,WNW,22.9
BR_SFS,São Francisco do Sul,14/01/2026,6:00,4.0,W,0.7,W,23.5
BR_SFS,São Francisco do Sul,14/01/2026,7:00,3.0,W,0.7,W,24.2
BR_SFS,São Francisco do Sul,14/01/2026,8:00,2.0,NNW,0.6,NNW,25.0
BR_SFS,São Francisco do Sul,14/01/2026,9:00,1.0,N,0.6,N,25.8
BR_SFS,São Francisco do Sul,14/01/2026,10:00,1.0,NE,0.6,NE,26.5
BR_SFS,São Francisco do Sul,14/01/2026,11:00,3.0,ENE,0.7,ENE,27.1
BR_SFS,São Francisco do Sul,14/01/2026,12:00,5.0,ENE,0.8,ENE,27.6
BR_SFS,São Francisco do Sul,14/01/2026,13:00,5.0,ENE,0.8,ENE,27.9
BR_SFS,São Francisco do Sul,14/01/2026,14:00,5.0,E,0.8,E,28.0
BR_SFS,São Francisco do Sul,14/01/2026,15:00,8.0,E,0.9,E,27.9
BR_SFS,São Francisco do Sul,14/01/2026,16:00,11.0,ENE,1.1,ENE,27.6
BR_SFS,São Francisco do Sul,14/01/2026,17:00,6.0,ENE,0.8,ENE,27.1
BR_SFS,São Francisco do Sul,14/01/2026,18:00,5.0,NNE,0.8,NNE,26.5
BR_SFS,São Francisco do Sul,14/01/2026,19:00,3.0,NNE,0.7,NNE,25.8
BR_SFS,São Francisco do Sul,14/01/2026,20:00,4.0,SSW,0.7,SSW,25.0
BR_SFS,São Francisco do Sul,14/01/2026,21:00,4.0,N,0.7,N,24.2
BR_SFS,São Francisco do Sul,14/01/2026,22:00,1.0,N,0.6,N,23.5
BR_SFS,São Francisco do Sul,14/01/2026,23:00,3.0,WSW,0.7,WSW,22.9
BR_SFS,São Francisco do Sul,15/01/2026,0:00,2.0,WNW,0.6,WNW,22.4
BR_SFS,São Francisco do Sul,15/01/2026,1:00,3.0,W,0.7,W,22.1
BR_SFS,São Francisco do Sul,15/01/2026,2:00,3.0,WSW,0.7,WSW,22.0
BR_SFS,São Francisco do Sul,15/01/2026,3:00,3.0,W,0.7,W,22.1
BR_SFS,São Francisco do Sul,15/01/2026,4:00,4.0,WSW,0.7,WSW,22.4
BR_SFS,São Francisco do Sul,15/01/2026,5:00,3.0,WSW,0.7,WSW,22.9
BR_SFS,São Francisco do Sul,15/01/2026,6:00,3.0,WSW,0.7,WSW,23.5
BR_SFS,São Francisco do Sul,15/01/2026,7:00,3.0,WSW,0.7,WSW,24.2
BR_SFS,São Francisco do Sul,15/01/2026,8:00,1.0,W,0.6,W,25.0
BR_SFS,São Francisco do Sul,15/01/2026,9:00,1.0,ENE,0.6,ENE,25.8
BR_SFS,São Francisco do Sul,15/01/2026,10:00,2.0,E,0.6,E,26.5
BR_SFS,São Francisco do Sul,15/01/2026,11:00,3.0,E,0.7,E,27.1
BR_SFS,São Francisco do Sul,15/01/2026,12:00,4.0,E,0.7,E,27.6
BR_SFS,São Francisco do Sul,15/01/2026,13:00,7.0,E,0.8,E,27.9
BR_SFS,São Francisco do Sul,15/01/2026,14:00,9.0,E,0.9,E,28.0
BR_SFS,São Francisco do Sul,15/01/2026,15:00,10.0,E,1.0,E,27.9
BR_SFS,São Francisco do Sul,15/01/2026,16:00,12.0,E,1.1,E,27.6
BR_SFS,São Francisco do Sul,15/01/2026,17:00,11.0,ENE,1.1,ENE,27.1
BR_SFS,São Francisco do Sul,15/01/2026,18:00,7.0,ENE,0.8,ENE,26.5
BR_SFS,São Francisco do Sul,15/01/2026,19:00,5.0,E,0.8,E,25.8
BR_SFS,São Francisco do Sul,15/01/2026,20:00,3.0,E,0.7,E,25.0
BR_SFS,São Francisco do Sul,15/01/2026,21:00,3.0,ENE,0.7,ENE,24.2
BR_SFS,São Francisco do Sul,15/01/2026,22:00,1.0,SSE,0.6,SSE,23.5
BR_SFS,São Francisco do Sul,15/01/2026,23:00,0.0,W,0.5,W,22.9
BR_SFS,São Francisco do Sul,16/01/2026,0:00,2.0,NNW,0.6,NNW,22.4
BR_SFS,São Francisco do Sul,16/01/2026,1:00,3.0,W,0.7,W,22.1
BR_SFS,São Francisco do Sul,16/01/2026,2:00,4.0,WSW,0.7,WSW,22.0
BR_SFS,São Francisco do Sul,16/01/2026,3:00,3.0,W,0.7,W,22.1
BR_SFS,São Francisco do Sul,16/01/2026,4:00,3.0,W,0.7,W,22.4
BR_SFS,São Francisco do Sul,16/01/2026,5:00,3.0,WSW,0.7,WSW,22.9
BR_SFS,São Francisco do Sul,16/01/2026,6:00,4.0,W,0.7,W,23.5
BR_SFS,São Francisco do Sul,16/01/2026,7:00,3.0,W,0.7,W,24.2
BR_SFS,São Francisco do Sul,16/01/2026,8:00,3.0,W,0.7,W,25.0
BR_SFS,São Francisco do Sul,16/01/2026,9:00,2.0,WNW,0.6,WNW,25.8
BR_SFS,São Francisco do Sul,16/01/2026,10:00,0.0,WSW,0.5,WSW,26.5
BR_SFS,São Francisco do Sul,16/01/2026,11:00,0.0,NNE,0.5,NNE,27.1
BR_SFS,São Francisco do Sul,16/01/2026,12:00,3.0,NE,0.7,NE,27.6
BR_SFS,São Francisco do Sul,16/01/2026,13:00,5.0,E,0.8,E,27.9
BR_SFS,São Francisco do Sul,16/01/2026,14:00,8.0,E,0.9,E,28.0
BR_SFS,São Francisco do Sul,16/01/2026,15:00,12.0,E,1.1,E,27.9
BR_SFS,São Francisco do Sul,16/01/2026,16:00,13.0,ENE,1.1,ENE,27.6
BR_SFS,São Francisco do Sul,16/01/2026,17:00,9.0,ENE,0.9,ENE,27.1
BR_SFS,São Francisco do Sul,16/01/2026,18:00,6.0,NNE,0.8,NNE,26.5
BR_SFS,São Francisco do Sul,16/01/2026,19:00,5.0,N,0.8,N,25.8
BR_SFS,São Francisco do Sul,16/01/2026,20:00,4.0,SSE,0.7,SSE,25.0
BR_SFS,São Francisco do Sul,16/01/2026,21:00,1.0,NW,0.6,NW,24.2
BR_SFS,São Francisco do Sul,16/01/2026,22:00,3.0,S,0.7,S,23.5
BR_SFS,São Francisco do Sul,16/01/2026,23:00,1.0,W,0.6,W,22.9
BR_SFS,São Francisco do Sul,17/01/2026,0:00,2.0,SW,0.6,SW,22.4
BR_SFS,São Francisco do Sul,17/01/2026,1:00,3.0,NW,0.7,NW,22.1
BR_SFS,São Francisco do Sul,17/01/2026,2:00,3.0,WSW,0.7,WSW,22.0
BR_SFS,São Francisco do Sul,17/01/2026,3:00,2.0,WSW,0.6,WSW,22.1
BR_SFS,São Francisco do Sul,17/01/2026,4:00,3.0,WSW,0.7,WSW,22.4
BR_SFS,São Francisco do Sul,17/01/2026,5:00,2.0,SW,0.6,SW,22.9
BR_SFS,São Francisco do Sul,17/01/2026,6:00,3.0,WSW,0.7,WSW,23.5
BR_SFS,São Francisco do Sul,17/01/2026,7:00,2.0,WNW,0.6,WNW,24.2
BR_SFS,São Francisco do Sul,17/01/2026,8:00,1.0,WNW,0.6,WNW,25.0
BR_SFS,São Francisco do Sul,17/01/2026,9:00,1.0,WNW,0.6,WNW,25.8
BR_SFS,São Francisco do Sul,17/01/2026,10:00,1.0,SSW,0.6,SSW,26.5
BR_SFS,São Francisco do Sul,17/01/2026,11:00,2.0,SSW,0.6,SSW,27.1
BR_SFS,São Francisco do Sul,17/01/2026,12:00,3.0,S,0.7,S,27.6
BR_SFS,São Francisco do Sul,17/01/2026,13:00,4.0,S,0.7,S,27.9
BR_SFS,São Francisco do Sul,17/01/2026,14:00,4.0,S,0.7,S,28.0
BR_SFS,São Francisco do Sul,17/01/2026,15:00,5.0,S,0.8,S,27.9
BR_SFS,São Francisco do Sul,17/01/2026,16:00,5.0,SSE,0.8,SSE,27.6
BR_SFS,São Francisco do Sul,17/01/2026,17:00,4.0,SSE,0.7,SSE,27.1
BR_SFS,São Francisco do Sul,17/01/2026,18:00,4.0,SSE,0.7,SSE,26.5
BR_SFS,São Francisco do Sul,17/01/2026,19:00,3.0,SSE,0.7,SSE,25.8
BR_SFS,São Francisco do Sul,17/01/2026,20:00,3.0,SE,0.7,SE,25.0
BR_SFS,São Francisco do Sul,17/01/2026,21:00,3.0,SE,0.7,SE,24.2
BR_SFS,São Francisco do Sul,17/01/2026,22:00,3.0,ESE,0.7,ESE,23.5
BR_SFS,São Francisco do Sul,17/01/2026,23:00,2.0,ESE,0.6,ESE,22.9
BR_SFS,São Francisco do Sul,18/01/2026,0:00,1.0,ESE,0.6,ESE,22.4
BR_SFS,São Francisco do Sul,18/01/2026,1:00,1.0,E,0.6,E,22.1
BR_SFS,São Francisco do Sul,18/01/2026,2:00,1.0,SE,0.6,SE,22.0
BR_SFS,São Francisco do Sul,18/01/2026,3:00,1.0,S,0.6,S,22.1
BR_SFS,São Francisco do Sul,18/01/2026,4:00,1.0,SW,0.6,SW,22.4
BR_SFS,São Francisco do Sul,18/01/2026,5:00,2.0,SW,0.6,SW,22.9
BR_SFS,São Francisco do Sul,18/01/2026,6:00,2.0,SW,0.6,SW,23.5
BR_SFS,São Francisco do Sul,18/01/2026,7:00,3.0,SW,0.7,SW,24.2
BR_SFS,São Francisco do Sul,18/01/2026,8:00,2.0,W,0.6,W,25.0
BR_SFS,São Francisco do Sul,18/01/2026,9:00,1.0,WNW,0.6,WNW,25.8
BR_SFS,São Francisco do Sul,18/01/2026,10:00,1.0,NNW,0.6,NNW,26.5
BR_SFS,São Francisco do Sul,18/01/2026,11:00,1.0,NW,0.6,NW,27.1
BR_SFS,São Francisco do Sul,18/01/2026,12:00,1.0,NW,0.6,NW,27.6
BR_SFS,São Francisco do Sul,18/01/2026,13:00,1.0,WNW,0.6,WNW,27.9
BR_SFS,São Francisco do Sul,18/01/2026,14:00,3.0,SW,0.7,SW,28.0
BR_SFS,São Francisco do Sul,18/01/2026,15:00,5.0,SSE,0.8,SSE,27.9
BR_SFS,São Francisco do Sul,18/01/2026,16:00,6.0,E,0.8,E,27.6
BR_SFS,São Francisco do Sul,18/01/2026,17:00,6.0,ENE,0.8,ENE,27.1
BR_SFS,São Francisco do Sul,18/01/2026,18:00,5.0,ENE,0.8,ENE,26.5
BR_SFS,São Francisco do Sul,18/01/2026,19:00,5.0,NE,0.8,NE,25.8
BR_SFS,São Francisco do Sul,18/01/2026,20:00,3.0,NE,0.7,NE,25.0
BR_SFS,São Francisco do Sul,18/01/2026,21:00,2.0,NNE,0.6,NNE,24.2
BR_SFS,São Francisco do Sul,18/01/2026,22:00,1.0,N,0.6,N,23.5
BR_SFS,São Francisco do Sul,18/01/2026,23:00,1.0,E,0.6,E,22.9
BR_SFS,São Francisco do Sul,19/01/2026,0:00,2.0,S,0.6,S,22.4
BR_SFS,São Francisco do Sul,19/01/2026,1:00,2.0,W,0.6,W,22.1
BR_SFS,São Francisco do Sul,19/01/2026,2:00,3.0,W,0.7,W,22.0
BR_SFS,São Francisco do Sul,19/01/2026,3:00,3.0,W,0.7,W,22.1
BR_SFS,São Francisco do Sul,19/01/2026,4:00,4.0,W,0.7,W,22.4
BR_SFS,São Francisco do Sul,19/01/2026,5:00,3.0,W,0.7,W,22.9
BR_SFS,São Francisco do Sul,19/01/2026,6:00,3.0,WNW,0.7,WNW,23.5
BR_SFS,São Francisco do Sul,19/01/2026,7:00,2.0,WNW,0.6,WNW,24.2
BR_SFS,São Francisco do Sul,19/01/2026,8:00,3.0,WSW,0.7,WSW,25.0
BR_SFS,São Francisco do Sul,19/01/2026,9:00,3.0,SSW,0.7,SSW,25.8
BR_SFS,São Francisco do Sul,19/01/2026,10:00,4.0,SE,0.7,SE,26.5
BR_SFS,São Francisco do Sul,19/01/2026,11:00,5.0,SE,0.8,SE,27.1
BR_SFS,São Francisco do Sul,19/01/2026,12:00,6.0,SSE,0.8,SSE,27.6
BR_SFS,São Francisco do Sul,19/01/2026,13:00,8.0,SSE,0.9,SSE,27.9
BR_SFS,São Francisco do Sul,19/01/2026,14:00,7.0,SE,0.8,SE,28.0
BR_SFS,São Francisco do Sul,19/01/2026,15:00,7.0,SE,0.8,SE,27.9
BR_SFS,São Francisco do Sul,19/01/2026,16:00,7.0,SE,0.8,SE,27.6
BR_SFS,São Francisco do Sul,19/01/2026,17:00,6.0,SE,0.8,SE,27.1
BR_SFS,São Francisco do Sul,19/01/2026,18:00,6.0,SE,0.8,SE,26.5
BR_SFS,São Francisco do Sul,19/01/2026,19:00,5.0,ESE,0.8,ESE,25.8
BR_SFS,São Francisco do Sul,19/01/2026,20:00,5.0,ESE,0.8,ESE,25.0
BR_SFS,São Francisco do Sul,19/01/2026,21:00,5.0,ESE,0.8,ESE,24.2
BR_SFS,São Francisco do Sul,19/01/2026,22:00,5.0,ESE,0.8,ESE,23.5
BR_SFS,São Francisco do Sul,19/01/2026,23:00,6.0,SE,0.8,SE,22.9
BR_ITJ,Itajaí,13/01/2026,0:00,4.0,NE,0.7,NE,22.4
BR_ITJ,Itajaí,13/01/2026,1:00,2.0,NNE,0.6,NNE,22.1
BR_ITJ,Itajaí,13/01/2026,2:00,4.0,N,0.7,N,22.0
BR_ITJ,Itajaí,13/01/2026,3:00,4.0,WNW,0.7,WNW,22.1
BR_ITJ,Itajaí,13/01/2026,4:00,5.0,W,0.8,W,22.4
BR_ITJ,Itajaí,13/01/2026,5:00,6.0,WSW,0.8,WSW,22.9
BR_ITJ,Itajaí,13/01/2026,6:00,6.0,WSW,0.8,WSW,23.5
BR_ITJ,Itajaí,13/01/2026,7:00,5.0,WSW,0.8,WSW,24.2
BR_ITJ,Itajaí,13/01/2026,8:00,5.0,WSW,0.8,WSW,25.0
BR_ITJ,Itajaí,13/01/2026,9:00,3.0,NW,0.7,NW,25.8
BR_ITJ,Itajaí,13/01/2026,10:00,5.0,NNE,0.8,NNE,26.5
BR_ITJ,Itajaí,13/01/2026,11:00,8.0,NE,0.9,NE,27.1
BR_ITJ,Itajaí,13/01/2026,12:00,12.0,ENE,1.1,ENE,27.6
BR_ITJ,Itajaí,13/01/2026,13:00,16.0,ENE,1.3,ENE,27.9
BR_ITJ,Itajaí,13/01/2026,14:00,13.0,ENE,1.1,ENE,28.0
BR_ITJ,Itajaí,13/01/2026,15:00,6.0,NE,0.8,NE,27.9
BR_ITJ,Itajaí,13/01/2026,16:00,3.0,WNW,0.7,WNW,27.6
BR_ITJ,Itajaí,13/01/2026,17:00,4.0,W,0.7,W,27.1
BR_ITJ,Itajaí,13/01/2026,18:00,7.0,N,0.8,N,26.5
BR_ITJ,Itajaí,13/01/2026,19:00,3.0,NNW,0.7,NNW,25.8
BR_ITJ,Itajaí,13/01/2026,20:00,1.0,ESE,0.6,ESE,25.0
BR_ITJ,Itajaí,13/01/2026,21:00,4.0,W,0.7,W,24.2
BR_ITJ,Itajaí,13/01/2026,22:00,6.0,W,0.8,W,23.5
BR_ITJ,Itajaí,13/01/2026,23:00,7.0,WSW,0.8,WSW,22.9
BR_ITJ,Itajaí,14/01/2026,0:00,6.0,WSW,0.8,WSW,22.4
BR_ITJ,Itajaí,14/01/2026,1:00,6.0,WSW,0.8,WSW,22.1
BR_ITJ,Itajaí,14/01/2026,2:00,5.0,WSW,0.8,WSW,22.0
BR_ITJ,Itajaí,14/01/2026,3:00,5.0,WSW,0.8,WSW,22.1
BR_ITJ,Itajaí,14/01/2026,4:00,5.0,WSW,0.8,WSW,22.4
BR_ITJ,Itajaí,14/01/2026,5:00,5.0,WSW,0.8,WSW,22.9
BR_ITJ,Itajaí,14/01/2026,6:00,3.0,WNW,0.7,WNW,23.5
BR_ITJ,Itajaí,14/01/2026,7:00,3.0,NW,0.7,NW,24.2
BR_ITJ,Itajaí,14/01/2026,8:00,5.0,NNW,0.8,NNW,25.0
BR_ITJ,Itajaí,14/01/2026,9:00,5.0,N,0.8,N,25.8
BR_ITJ,Itajaí,14/01/2026,10:00,8.0,NE,0.9,NE,26.5
BR_ITJ,Itajaí,14/01/2026,11:00,11.0,NE,1.1,NE,27.1
BR_ITJ,Itajaí,14/01/2026,12:00,14.0,NE,1.2,NE,27.6
BR_ITJ,Itajaí,14/01/2026,13:00,15.0,NE,1.2,NE,27.9
BR_ITJ,Itajaí,14/01/2026,14:00,15.0,NE,1.2,NE,28.0
BR_ITJ,Itajaí,14/01/2026,15:00,15.0,NE,1.2,NE,27.9
BR_ITJ,Itajaí,14/01/2026,16:00,12.0,E,1.1,E,27.6
BR_ITJ,Itajaí,14/01/2026,17:00,8.0,ENE,0.9,ENE,27.1
BR_ITJ,Itajaí,14/01/2026,18:00,4.0,ENE,0.7,ENE,26.5
BR_ITJ,Itajaí,14/01/2026,19:00,5.0,E,0.8,E,25.8
BR_ITJ,Itajaí,14/01/2026,20:00,4.0,ENE,0.7,ENE,25.0
BR_ITJ,Itajaí,14/01/2026,21:00,3.0,NE,0.7,NE,24.2
BR_ITJ,Itajaí,14/01/2026,22:00,5.0,NNE,0.8,NNE,23.5
BR_ITJ,Itajaí,14/01/2026,23:00,4.0,N,0.7,N,22.9
BR_ITJ,Itajaí,15/01/2026,0:00,3.0,WNW,0.7,WNW,22.4
BR_ITJ,Itajaí,15/01/2026,1:00,5.0,W,0.8,W,22.1
BR_ITJ,Itajaí,15/01/2026,2:00,6.0,WSW,0.8,WSW,22.0
BR_ITJ,Itajaí,15/01/2026,3:00,7.0,WSW,0.8,WSW,22.1
BR_ITJ,Itajaí,15/01/2026,4:00,7.0,WSW,0.8,WSW,22.4
BR_ITJ,Itajaí,15/01/2026,5:00,6.0,WSW,0.8,WSW,22.9
BR_ITJ,Itajaí,15/01/2026,6:00,4.0,WSW,0.7,WSW,23.5
BR_ITJ,Itajaí,15/01/2026,7:00,3.0,W,0.7,W,24.2
BR_ITJ,Itajaí,15/01/2026,8:00,3.0,N,0.7,N,25.0
BR_ITJ,Itajaí,15/01/2026,9:00,5.0,NNE,0.8,NNE,25.8
BR_ITJ,Itajaí,15/01/2026,10:00,9.0,NE,0.9,NE,26.5
BR_ITJ,Itajaí,15/01/2026,11:00,13.0,NE,1.1,NE,27.1
BR_ITJ,Itajaí,15/01/2026,12:00,14.0,ENE,1.2,ENE,27.6
BR_ITJ,Itajaí,15/01/2026,13:00,15.0,ENE,1.2,ENE,27.9
BR_ITJ,Itajaí,15/01/2026,14:00,15.0,ENE,1.2,ENE,28.0
BR_ITJ,Itajaí,15/01/2026,15:00,16.0,ENE,1.3,ENE,27.9
BR_ITJ,Itajaí,15/01/2026,16:00,12.0,ENE,1.1,ENE,27.6
BR_ITJ,Itajaí,15/01/2026,17:00,10.0,NE,1.0,NE,27.1
BR_ITJ,Itajaí,15/01/2026,18:00,6.0,ENE,0.8,ENE,26.5
BR_ITJ,Itajaí,15/01/2026,19:00,5.0,NE,0.8,NE,25.8
BR_ITJ,Itajaí,15/01/2026,20:00,5.0,NE,0.8,NE,25.0
BR_ITJ,Itajaí,15/01/2026,21:00,4.0,NE,0.7,NE,24.2
BR_ITJ,Itajaí,15/01/2026,22:00,4.0,NNE,0.7,NNE,23.5
BR_ITJ,Itajaí,15/01/2026,23:00,3.0,NW,0.7,NW,22.9
BR_ITJ,Itajaí,16/01/2026,0:00,4.0,NW,0.7,NW,22.4
BR_ITJ,Itajaí,16/01/2026,1:00,5.0,WNW,0.8,WNW,22.1
BR_ITJ,Itajaí,16/01/2026,2:00,7.0,W,0.8,W,22.0
BR_ITJ,Itajaí,16/01/2026,3:00,6.0,W,0.8,W,22.1
BR_ITJ,Itajaí,16/01/2026,4:00,5.0,WNW,0.8,WNW,22.4
BR_ITJ,Itajaí,16/01/2026,5:00,6.0,W,0.8,W,22.9
BR_ITJ,Itajaí,16/01/2026,6:00,5.0,WNW,0.8,WNW,23.5
BR_ITJ,Itajaí,16/01/2026,7:00,6.0,WNW,0.8,WNW,24.2
BR_ITJ,Itajaí,16/01/2026,8:00,5.0,NW,0.8,NW,25.0
BR_ITJ,Itajaí,16/01/2026,9:00,6.0,N,0.8,N,25.8
BR_ITJ,Itajaí,16/01/2026,10:00,8.0,NNE,0.9,NNE,26.5
BR_ITJ,Itajaí,16/01/2026,11:00,10.0,NE,1.0,NE,27.1
BR_ITJ,Itajaí,16/01/2026,12:00,15.0,NE,1.2,NE,27.6
BR_ITJ,Itajaí,16/01/2026,13:00,17.0,ENE,1.4,ENE,27.9
BR_ITJ,Itajaí,16/01/2026,14:00,17.0,ENE,1.4,ENE,28.0
BR_ITJ,Itajaí,16/01/2026,15:00,17.0,NE,1.4,NE,27.9
BR_ITJ,Itajaí,16/01/2026,16:00,12.0,ENE,1.1,ENE,27.6
BR_ITJ,Itajaí,16/01/2026,17:00,8.0,SE,0.9,SE,27.1
BR_ITJ,Itajaí,16/01/2026,18:00,5.0,ESE,0.8,ESE,26.5
BR_ITJ,Itajaí,16/01/2026,19:00,7.0,SSE,0.8,SSE,25.8
BR_ITJ,Itajaí,16/01/2026,20:00,4.0,SSW,0.7,SSW,25.0
BR_ITJ,Itajaí,16/01/2026,21:00,2.0,S,0.6,S,24.2
BR_ITJ,Itajaí,16/01/2026,22:00,3.0,SSE,0.7,SSE,23.5
BR_ITJ,Itajaí,16/01/2026,23:00,5.0,SW,0.8,SW,22.9
BR_ITJ,Itajaí,17/01/2026,0:00,3.0,SW,0.7,SW,22.4
BR_ITJ,Itajaí,17/01/2026,1:00,4.0,SW,0.7,SW,22.1
BR_ITJ,Itajaí,17/01/2026,2:00,4.0,WSW,0.7,WSW,22.0
BR_ITJ,Itajaí,17/01/2026,3:00,4.0,SW,0.7,SW,22.1
BR_ITJ,Itajaí,17/01/2026,4:00,6.0,SW,0.8,SW,22.4
BR_ITJ,Itajaí,17/01/2026,5:00,3.0,WSW,0.7,WSW,22.9
BR_ITJ,Itajaí,17/01/2026,6:00,2.0,SSW,0.6,SSW,23.5
BR_ITJ,Itajaí,17/01/2026,7:00,4.0,SW,0.7,SW,24.2
BR_ITJ,Itajaí,17/01/2026,8:00,3.0,W,0.7,W,25.0
BR_ITJ,Itajaí,17/01/2026,9:00,3.0,WSW,0.7,WSW,25.8
BR_ITJ,Itajaí,17/01/2026,10:00,3.0,SSW,0.7,SSW,26.5
BR_ITJ,Itajaí,17/01/2026,11:00,4.0,SSE,0.7,SSE,27.1
BR_ITJ,Itajaí,17/01/2026,12:00,5.0,SSE,0.8,SSE,27.6
BR_ITJ,Itajaí,17/01/2026,13:00,5.0,S,0.8,S,27.9
BR_ITJ,Itajaí,17/01/2026,14:00,6.0,S,0.8,S,28.0
BR_ITJ,Itajaí,17/01/2026,15:00,8.0,SSE,0.9,SSE,27.9
BR_ITJ,Itajaí,17/01/2026,16:00,9.0,SE,0.9,SE,27.6
BR_ITJ,Itajaí,17/01/2026,17:00,10.0,ESE,1.0,ESE,27.1
BR_ITJ,Itajaí,17/01/2026,18:00,8.0,ESE,0.9,ESE,26.5
BR_ITJ,Itajaí,17/01/2026,19:00,5.0,E,0.8,E,25.8
BR_ITJ,Itajaí,17/01/2026,20:00,3.0,E,0.7,E,25.0
BR_ITJ,Itajaí,17/01/2026,21:00,3.0,SSE,0.7,SSE,24.2
BR_ITJ,Itajaí,17/01/2026,22:00,2.0,WSW,0.6,WSW,23.5
BR_ITJ,Itajaí,17/01/2026,23:00,2.0,NNW,0.6,NNW,22.9
BR_ITJ,Itajaí,18/01/2026,0:00,3.0,WNW,0.7,WNW,22.4
BR_ITJ,Itajaí,18/01/2026,1:00,4.0,W,0.7,W,22.1
BR_ITJ,Itajaí,18/01/2026,2:00,5.0,SW,0.8,SW,22.0
BR_ITJ,Itajaí,18/01/2026,3:00,5.0,SW,0.8,SW,22.1
BR_ITJ,Itajaí,18/01/2026,4:00,5.0,SW,0.8,SW,22.4
BR_ITJ,Itajaí,18/01/2026,5:00,5.0,SW,0.8,SW,22.9
BR_ITJ,Itajaí,18/01/2026,6:00,5.0,WSW,0.8,WSW,23.5
BR_ITJ,Itajaí,18/01/2026,7:00,4.0,W,0.7,W,24.2
BR_ITJ,Itajaí,18/01/2026,8:00,4.0,WNW,0.7,WNW,25.0
BR_ITJ,Itajaí,18/01/2026,9:00,5.0,SSW,0.8,SSW,25.8
BR_ITJ,Itajaí,18/01/2026,10:00,6.0,ESE,0.8,ESE,26.5
BR_ITJ,Itajaí,18/01/2026,11:00,8.0,NNE,0.9,NNE,27.1
BR_ITJ,Itajaí,18/01/2026,12:00,10.0,NE,1.0,NE,27.6
BR_ITJ,Itajaí,18/01/2026,13:00,11.0,NE,1.1,NE,27.9
BR_ITJ,Itajaí,18/01/2026,14:00,13.0,NE,1.1,NE,28.0
BR_ITJ,Itajaí,18/01/2026,15:00,11.0,ENE,1.1,ENE,27.9
BR_ITJ,Itajaí,18/01/2026,16:00,9.0,ENE,0.9,ENE,27.6
BR_ITJ,Itajaí,18/01/2026,17:00,7.0,E,0.8,E,27.1
BR_ITJ,Itajaí,18/01/2026,18:00,5.0,ENE,0.8,ENE,26.5
BR_ITJ,Itajaí,18/01/2026,19:00,4.0,NE,0.7,NE,25.8
BR_ITJ,Itajaí,18/01/2026,20:00,3.0,NNE,0.7,NNE,25.0
BR_ITJ,Itajaí,18/01/2026,21:00,4.0,ESE,0.7,ESE,24.2
BR_ITJ,Itajaí,18/01/2026,22:00,4.0,S,0.7,S,23.5
BR_ITJ,Itajaí,18/01/2026,23:00,5.0,W,0.8,W,22.9
BR_ITJ,Itajaí,19/01/2026,0:00,6.0,W,0.8,W,22.4
BR_ITJ,Itajaí,19/01/2026,1:00,6.0,W,0.8,W,22.1
BR_ITJ,Itajaí,19/01/2026,2:00,7.0,WSW,0.8,WSW,22.0
BR_ITJ,Itajaí,19/01/2026,3:00,6.0,WSW,0.8,WSW,22.1
BR_ITJ,Itajaí,19/01/2026,4:00,6.0,SW,0.8,SW,22.4
BR_ITJ,Itajaí,19/01/2026,5:00,5.0,SW,0.8,SW,22.9
BR_ITJ,Itajaí,19/01/2026,6:00,7.0,SSW,0.8,SSW,23.5
BR_ITJ,Itajaí,19/01/2026,7:00,9.0,SSE,0.9,SSE,24.2
BR_ITJ,Itajaí,19/01/2026,8:00,10.0,SE,1.0,SE,25.0
BR_ITJ,Itajaí,19/01/2026,9:00,12.0,SE,1.1,SE,25.8
BR_ITJ,Itajaí,19/01/2026,10:00,12.0,SE,1.1,SE,26.5
BR_ITJ,Itajaí,19/01/2026,11:00,13.0,SE,1.1,SE,27.1
BR_ITJ,Itajaí,19/01/2026,12:00,15.0,SE,1.2,SE,27.6
BR_ITJ,Itajaí,19/01/2026,13:00,17.0,SE,1.4,SE,27.9
BR_ITJ,Itajaí,19/01/2026,14:00,18.0,SE,1.4,SE,28.0
BR_ITJ,Itajaí,19/01/2026,15:00,18.0,SE,1.4,SE,27.9
BR_ITJ,Itajaí,19/01/2026,16:00,19.0,SE,1.4,SE,27.6
BR_ITJ,Itajaí,19/01/2026,17:00,19.0,SE,1.4,SE,27.1
BR_ITJ,Itajaí,19/01/2026,18:00,20.0,SSE,1.5,SSE,26.5
BR_ITJ,Itajaí,19/01/2026,19:00,20.0,SSE,1.5,SSE,25.8
BR_ITJ,Itajaí,19/01/2026,20:00,20.0,SSE,1.5,SSE,25.0
BR_ITJ,Itajaí,19/01/2026,21:00,20.0,SSE,1.5,SSE,24.2
BR_ITJ,Itajaí,19/01/2026,22:00,19.0,SSE,1.4,SSE,23.5
BR_ITJ,Itajaí,19/01/2026,23:00,19.0,SSE,1.4,SSE,22.9
BR_IMB,Imbituba,13/01/2026,0:00,4.0,W,0.7,W,22.4
BR_IMB,Imbituba,13/01/2026,1:00,4.0,WNW,0.7,WNW,22.1
BR_IMB,Imbituba,13/01/2026,2:00,5.0,WSW,0.8,WSW,22.0
BR_IMB,Imbituba,13/01/2026,3:00,5.0,WNW,0.8,WNW,22.1
BR_IMB,Imbituba,13/01/2026,4:00,4.0,NW,0.7,NW,22.4
BR_IMB,Imbituba,13/01/2026,5:00,4.0,NW,0.7,NW,22.9
BR_IMB,Imbituba,13/01/2026,6:00,5.0,NNW,0.8,NNW,23.5
BR_IMB,Imbituba,13/01/2026,7:00,5.0,NNW,0.8,NNW,24.2
BR_IMB,Imbituba,13/01/2026,8:00,5.0,NNW,0.8,NNW,25.0
BR_IMB,Imbituba,13/01/2026,9:00,4.0,N,0.7,N,25.8
BR_IMB,Imbituba,13/01/2026,10:00,6.0,NNE,0.8,NNE,26.5
BR_IMB,Imbituba,13/01/2026,11:00,10.0,NE,1.0,NE,27.1
BR_IMB,Imbituba,13/01/2026,12:00,13.0,ENE,1.1,ENE,27.6
BR_IMB,Imbituba,13/01/2026,13:00,18.0,ENE,1.4,ENE,27.9
BR_IMB,Imbituba,13/01/2026,14:00,20.0,ENE,1.5,ENE,28.0
BR_IMB,Imbituba,13/01/2026,15:00,20.0,ENE,1.5,ENE,27.9
BR_IMB,Imbituba,13/01/2026,16:00,19.0,ENE,1.4,ENE,27.6
BR_IMB,Imbituba,13/01/2026,17:00,18.0,E,1.4,E,27.1
BR_IMB,Imbituba,13/01/2026,18:00,16.0,ENE,1.3,ENE,26.5
BR_IMB,Imbituba,13/01/2026,19:00,12.0,ENE,1.1,ENE,25.8
BR_IMB,Imbituba,13/01/2026,20:00,9.0,ENE,0.9,ENE,25.0
BR_IMB,Imbituba,13/01/2026,21:00,10.0,NE,1.0,NE,24.2
BR_IMB,Imbituba,13/01/2026,22:00,12.0,NNE,1.1,NNE,23.5
BR_IMB,Imbituba,13/01/2026,23:00,9.0,NNW,0.9,NNW,22.9
BR_IMB,Imbituba,14/01/2026,0:00,7.0,NNW,0.8,NNW,22.4
BR_IMB,Imbituba,14/01/2026,1:00,5.0,NNW,0.8,NNW,22.1
BR_IMB,Imbituba,14/01/2026,2:00,6.0,N,0.8,N,22.0
BR_IMB,Imbituba,14/01/2026,3:00,4.0,NNW,0.7,NNW,22.1
BR_IMB,Imbituba,14/01/2026,4:00,3.0,NW,0.7,NW,22.4
BR_IMB,Imbituba,14/01/2026,5:00,3.0,NW,0.7,NW,22.9
BR_IMB,Imbituba,14/01/2026,6:00,4.0,N,0.7,N,23.5
BR_IMB,Imbituba,14/01/2026,7:00,5.0,NNW,0.8,NNW,24.2
BR_IMB,Imbituba,14/01/2026,8:00,5.0,NNW,0.8,NNW,25.0
BR_IMB,Imbituba,14/01/2026,9:00,3.0,NNE,0.7,NNE,25.8
BR_IMB,Imbituba,14/01/2026,10:00,6.0,NE,0.8,NE,26.5
BR_IMB,Imbituba,14/01/2026,11:00,9.0,ENE,0.9,ENE,27.1
BR_IMB,Imbituba,14/01/2026,12:00,12.0,ENE,1.1,ENE,27.6
BR_IMB,Imbituba,14/01/2026,13:00,14.0,ENE,1.2,ENE,27.9
BR_IMB,Imbituba,14/01/2026,14:00,18.0,ENE,1.4,ENE,28.0
BR_IMB,Imbituba,14/01/2026,15:00,18.0,NE,1.4,NE,27.9
BR_IMB,Imbituba,14/01/2026,16:00,18.0,NNE,1.4,NNE,27.6
BR_IMB,Imbituba,14/01/2026,17:00,14.0,N,1.2,N,27.1
BR_IMB,Imbituba,14/01/2026,18:00,13.0,NW,1.1,NW,26.5
BR_IMB,Imbituba,14/01/2026,19:00,8.0,NNW,0.9,NNW,25.8
BR_IMB,Imbituba,14/01/2026,20:00,8.0,NNE,0.9,NNE,25.0
BR_IMB,Imbituba,14/01/2026,21:00,7.0,N,0.8,N,24.2
BR_IMB,Imbituba,14/01/2026,22:00,9.0,NNW,0.9,NNW,23.5
BR_IMB,Imbituba,14/01/2026,23:00,10.0,N,1.0,N,22.9
BR_IMB,Imbituba,15/01/2026,0:00,10.0,N,1.0,N,22.4
BR_IMB,Imbituba,15/01/2026,1:00,10.0,N,1.0,N,22.1
BR_IMB,Imbituba,15/01/2026,2:00,12.0,N,1.1,N,22.0
BR_IMB,Imbituba,15/01/2026,3:00,13.0,N,1.1,N,22.1
BR_IMB,Imbituba,15/01/2026,4:00,11.0,N,1.1,N,22.4
BR_IMB,Imbituba,15/01/2026,5:00,10.0,N,1.0,N,22.9
BR_IMB,Imbituba,15/01/2026,6:00,9.0,N,0.9,N,23.5
BR_IMB,Imbituba,15/01/2026,7:00,8.0,N,0.9,N,24.2
BR_IMB,Imbituba,15/01/2026,8:00,8.0,N,0.9,N,25.0
BR_IMB,Imbituba,15/01/2026,9:00,8.0,NNE,0.9,NNE,25.8
BR_IMB,Imbituba,15/01/2026,10:00,13.0,NE,1.1,NE,26.5
BR_IMB,Imbituba,15/01/2026,11:00,17.0,NE,1.4,NE,27.1
BR_IMB,Imbituba,15/01/2026,12:00,22.0,NE,1.6,NE,27.6
BR_IMB,Imbituba,15/01/2026,13:00,24.0,NE,1.7,NE,27.9
BR_IMB,Imbituba,15/01/2026,14:00,26.0,NE,1.8,NE,28.0
BR_IMB,Imbituba,15/01/2026,15:00,27.0,NE,1.9,NE,27.9
BR_IMB,Imbituba,15/01/2026,16:00,28.0,NE,1.9,NE,27.6
BR_IMB,Imbituba,15/01/2026,17:00,24.0,NE,1.7,NE,27.1
BR_IMB,Imbituba,15/01/2026,18:00,20.0,N,1.5,N,26.5
BR_IMB,Imbituba,15/01/2026,19:00,17.0,NNE,1.4,NNE,25.8
BR_IMB,Imbituba,15/01/2026,20:00,10.0,NNE,1.0,NNE,25.0
BR_IMB,Imbituba,15/01/2026,21:00,12.0,NNE,1.1,NNE,24.2
BR_IMB,Imbituba,15/01/2026,22:00,15.0,NNE,1.2,NNE,23.5
BR_IMB,Imbituba,15/01/2026,23:00,15.0,NNE,1.2,NNE,22.9
BR_IMB,Imbituba,16/01/2026,0:00,15.0,NNE,1.2,NNE,22.4
BR_IMB,Imbituba,16/01/2026,1:00,16.0,NNE,1.3,NNE,22.1
BR_IMB,Imbituba,16/01/2026,2:00,15.0,N,1.2,N,22.0
BR_IMB,Imbituba,16/01/2026,3:00,13.0,N,1.1,N,22.1
BR_IMB,Imbituba,16/01/2026,4:00,12.0,N,1.1,N,22.4
BR_IMB,Imbituba,16/01/2026,5:00,12.0,N,1.1,N,22.9
BR_IMB,Imbituba,16/01/2026,6:00,9.0,N,0.9,N,23.5
BR_IMB,Imbituba,16/01/2026,7:00,9.0,N,0.9,N,24.2
BR_IMB,Imbituba,16/01/2026,8:00,7.0,NNE,0.8,NNE,25.0
BR_IMB,Imbituba,16/01/2026,9:00,8.0,NNE,0.9,NNE,25.8
BR_IMB,Imbituba,16/01/2026,10:00,9.0,NE,0.9,NE,26.5
BR_IMB,Imbituba,16/01/2026,11:00,10.0,NE,1.0,NE,27.1
BR_IMB,Imbituba,16/01/2026,12:00,12.0,ENE,1.1,ENE,27.6
BR_IMB,Imbituba,16/01/2026,13:00,15.0,ENE,1.2,ENE,27.9
BR_IMB,Imbituba,16/01/2026,14:00,19.0,ENE,1.4,ENE,28.0
BR_IMB,Imbituba,16/01/2026,15:00,19.0,NE,1.4,NE,27.9
BR_IMB,Imbituba,16/01/2026,16:00,13.0,NE,1.1,NE,27.6
BR_IMB,Imbituba,16/01/2026,17:00,16.0,NE,1.3,NE,27.1
BR_IMB,Imbituba,16/01/2026,18:00,11.0,N,1.1,N,26.5
BR_IMB,Imbituba,16/01/2026,19:00,5.0,WNW,0.8,WNW,25.8
BR_IMB,Imbituba,16/01/2026,20:00,4.0,WSW,0.7,WSW,25.0
BR_IMB,Imbituba,16/01/2026,21:00,5.0,SW,0.8,SW,24.2
BR_IMB,Imbituba,16/01/2026,22:00,2.0,WNW,0.6,WNW,23.5
BR_IMB,Imbituba,16/01/2026,23:00,6.0,NNW,0.8,NNW,22.9
BR_IMB,Imbituba,17/01/2026,0:00,8.0,NNW,0.9,NNW,22.4
BR_IMB,Imbituba,17/01/2026,1:00,6.0,W,0.8,W,22.1
BR_IMB,Imbituba,17/01/2026,2:00,5.0,NW,0.8,NW,22.0
BR_IMB,Imbituba,17/01/2026,3:00,3.0,WNW,0.7,WNW,22.1
BR_IMB,Imbituba,17/01/2026,4:00,3.0,NW,0.7,NW,22.4
BR_IMB,Imbituba,17/01/2026,5:00,4.0,NNW,0.7,NNW,22.9
BR_IMB,Imbituba,17/01/2026,6:00,4.0,NW,0.7,NW,23.5
BR_IMB,Imbituba,17/01/2026,7:00,2.0,E,0.6,E,24.2
BR_IMB,Imbituba,17/01/2026,8:00,3.0,WNW,0.7,WNW,25.0
BR_IMB,Imbituba,17/01/2026,9:00,1.0,WNW,0.6,WNW,25.8
BR_IMB,Imbituba,17/01/2026,10:00,3.0,W,0.7,W,26.5
BR_IMB,Imbituba,17/01/2026,11:00,2.0,SW,0.6,SW,27.1
BR_IMB,Imbituba,17/01/2026,12:00,2.0,SSW,0.6,SSW,27.6
BR_IMB,Imbituba,17/01/2026,13:00,1.0,SSE,0.6,SSE,27.9
BR_IMB,Imbituba,17/01/2026,14:00,3.0,ESE,0.7,ESE,28.0
BR_IMB,Imbituba,17/01/2026,15:00,4.0,ENE,0.7,ENE,27.9
BR_IMB,Imbituba,17/01/2026,16:00,6.0,NNE,0.8,NNE,27.6
BR_IMB,Imbituba,17/01/2026,17:00,8.0,NNE,0.9,NNE,27.1
BR_IMB,Imbituba,17/01/2026,18:00,11.0,NNE,1.1,NNE,26.5
BR_IMB,Imbituba,17/01/2026,19:00,13.0,NNE,1.1,NNE,25.8
BR_IMB,Imbituba,17/01/2026,20:00,13.0,NNE,1.1,NNE,25.0
BR_IMB,Imbituba,17/01/2026,21:00,13.0,N,1.1,N,24.2
BR_IMB,Imbituba,17/01/2026,22:00,12.0,N,1.1,N,23.5
BR_IMB,Imbituba,17/01/2026,23:00,12.0,N,1.1,N,22.9
BR_IMB,Imbituba,18/01/2026,0:00,12.0,N,1.1,N,22.4
BR_IMB,Imbituba,18/01/2026,1:00,12.0,N,1.1,N,22.1
BR_IMB,Imbituba,18/01/2026,2:00,13.0,N,1.1,N,22.0
BR_IMB,Imbituba,18/01/2026,3:00,14.0,N,1.2,N,22.1
BR_IMB,Imbituba,18/01/2026,4:00,15.0,NNE,1.2,NNE,22.4
BR_IMB,Imbituba,18/01/2026,5:00,15.0,NNE,1.2,NNE,22.9
BR_IMB,Imbituba,18/01/2026,6:00,15.0,NNE,1.2,NNE,23.5
BR_IMB,Imbituba,18/01/2026,7:00,15.0,NNE,1.2,NNE,24.2
BR_IMB,Imbituba,18/01/2026,8:00,14.0,NNE,1.2,NNE,25.0
BR_IMB,Imbituba,18/01/2026,9:00,12.0,NE,1.1,NE,25.8
BR_IMB,Imbituba,18/01/2026,10:00,11.0,NE,1.1,NE,26.5
BR_IMB,Imbituba,18/01/2026,11:00,12.0,NE,1.1,NE,27.1
BR_IMB,Imbituba,18/01/2026,12:00,13.0,ENE,1.1,ENE,27.6
BR_IMB,Imbituba,18/01/2026,13:00,14.0,E,1.2,E,27.9
BR_IMB,Imbituba,18/01/2026,14:00,14.0,E,1.2,E,28.0
BR_IMB,Imbituba,18/01/2026,15:00,14.0,E,1.2,E,27.9
BR_IMB,Imbituba,18/01/2026,16:00,14.0,ESE,1.2,ESE,27.6
BR_IMB,Imbituba,18/01/2026,17:00,12.0,ESE,1.1,ESE,27.1
BR_IMB,Imbituba,18/01/2026,18:00,10.0,SE,1.0,SE,26.5
BR_IMB,Imbituba,18/01/2026,19:00,9.0,SE,0.9,SE,25.8
BR_IMB,Imbituba,18/01/2026,20:00,7.0,SSE,0.8,SSE,25.0
BR_IMB,Imbituba,18/01/2026,21:00,5.0,SSW,0.8,SSW,24.2
BR_IMB,Imbituba,18/01/2026,22:00,3.0,SW,0.7,SW,23.5
BR_IMB,Imbituba,18/01/2026,23:00,4.0,SW,0.7,SW,22.9
BR_IMB,Imbituba,19/01/2026,0:00,6.0,SW,0.8,SW,22.4
BR_IMB,Imbituba,19/01/2026,1:00,8.0,WSW,0.9,WSW,22.1
BR_IMB,Imbituba,19/01/2026,2:00,8.0,WSW,0.9,WSW,22.0
BR_IMB,Imbituba,19/01/2026,3:00,7.0,WSW,0.8,WSW,22.1
BR_IMB,Imbituba,19/01/2026,4:00,7.0,WSW,0.8,WSW,22.4
BR_IMB,Imbituba,19/01/2026,5:00,8.0,SW,0.9,SW,22.9
BR_IMB,Imbituba,19/01/2026,6:00,9.0,SW,0.9,SW,23.5
BR_IMB,Imbituba,19/01/2026,7:00,10.0,SW,1.0,SW,24.2
BR_IMB,Imbituba,19/01/2026,8:00,12.0,SSW,1.1,SSW,25.0
BR_IMB,Imbituba,19/01/2026,9:00,14.0,SSW,1.2,SSW,25.8
BR_IMB,Imbituba,19/01/2026,10:00,16.0,SSW,1.3,SSW,26.5
BR_IMB,Imbituba,19/01/2026,11:00,17.0,SSW,1.4,SSW,27.1
BR_IMB,Imbituba,19/01/2026,12:00,18.0,SSW,1.4,SSW,27.6
BR_IMB,Imbituba,19/01/2026,13:00,19.0,SSW,1.4,SSW,27.9
BR_IMB,Imbituba,19/01/2026,14:00,20.0,SSW,1.5,SSW,28.0
BR_IMB,Imbituba,19/01/2026,15:00,21.0,S,1.6,S,27.9
BR_IMB,Imbituba,19/01/2026,16:00,22.0,S,1.6,S,27.6
BR_IMB,Imbituba,19/01/2026,17:00,24.0,S,1.7,S,27.1
BR_IMB,Imbituba,19/01/2026,18:00,25.0,SSW,1.8,SSW,26.5
BR_IMB,Imbituba,19/01/2026,19:00,26.0,SSW,1.8,SSW,25.8
BR_IMB,Imbituba,19/01/2026,20:00,26.0,SSW,1.8,SSW,25.0
BR_IMB,Imbituba,19/01/2026,21:00,27.0,SSW,1.9,SSW,24.2
BR_IMB,Imbituba,19/01/2026,22:00,27.0,SSW,1.9,SSW,23.5
BR_IMB,Imbituba,19/01/2026,23:00,26.0,S,1.8,S,22.9
BR_RIO,Rio de Janeiro,13/01/2026,0:00,4.0,W,0.7,W,22.4
BR_RIO,Rio de Janeiro,13/01/2026,1:00,4.0,WNW,0.7,WNW,22.1
BR_RIO,Rio de Janeiro,13/01/2026,2:00,2.0,NNW,0.6,NNW,22.0
BR_RIO,Rio de Janeiro,13/01/2026,3:00,0.0,N,0.5,N,22.1
BR_RIO,Rio de Janeiro,13/01/2026,4:00,2.0,ENE,0.6,ENE,22.4
BR_RIO,Rio de Janeiro,13/01/2026,5:00,6.0,ENE,0.8,ENE,22.9
BR_RIO,Rio de Janeiro,13/01/2026,6:00,8.0,ENE,0.9,ENE,23.5
BR_RIO,Rio de Janeiro,13/01/2026,7:00,5.0,E,0.8,E,24.2
BR_RIO,Rio de Janeiro,13/01/2026,8:00,6.0,E,0.8,E,25.0
BR_RIO,Rio de Janeiro,13/01/2026,9:00,7.0,ESE,0.8,ESE,25.8
BR_RIO,Rio de Janeiro,13/01/2026,10:00,12.0,SE,1.1,SE,26.5
BR_RIO,Rio de Janeiro,13/01/2026,11:00,15.0,SE,1.2,SE,27.1
BR_RIO,Rio de Janeiro,13/01/2026,12:00,18.0,SE,1.4,SE,27.6
BR_RIO,Rio de Janeiro,13/01/2026,13:00,18.0,ESE,1.4,ESE,27.9
BR_RIO,Rio de Janeiro,13/01/2026,14:00,18.0,ESE,1.4,ESE,28.0
BR_RIO,Rio de Janeiro,13/01/2026,15:00,17.0,E,1.4,E,27.9
BR_RIO,Rio de Janeiro,13/01/2026,16:00,10.0,ESE,1.0,ESE,27.6
BR_RIO,Rio de Janeiro,13/01/2026,17:00,7.0,W,0.8,W,27.1
BR_RIO,Rio de Janeiro,13/01/2026,18:00,18.0,W,1.4,W,26.5
BR_RIO,Rio de Janeiro,13/01/2026,19:00,9.0,WNW,0.9,WNW,25.8
BR_RIO,Rio de Janeiro,13/01/2026,20:00,4.0,NNW,0.7,NNW,25.0
BR_RIO,Rio de Janeiro,13/01/2026,21:00,4.0,N,0.7,N,24.2
BR_RIO,Rio de Janeiro,13/01/2026,22:00,4.0,NNE,0.7,NNE,23.5
BR_RIO,Rio de Janeiro,13/01/2026,23:00,3.0,N,0.7,N,22.9
BR_RIO,Rio de Janeiro,14/01/2026,0:00,3.0,N,0.7,N,22.4
BR_RIO,Rio de Janeiro,14/01/2026,1:00,3.0,NNE,0.7,NNE,22.1
BR_RIO,Rio de Janeiro,14/01/2026,2:00,3.0,N,0.7,N,22.0
BR_RIO,Rio de Janeiro,14/01/2026,3:00,4.0,N,0.7,N,22.1
BR_RIO,Rio de Janeiro,14/01/2026,4:00,5.0,NNE,0.8,NNE,22.4
BR_RIO,Rio de Janeiro,14/01/2026,5:00,5.0,NNE,0.8,NNE,22.9
BR_RIO,Rio de Janeiro,14/01/2026,6:00,5.0,NNE,0.8,NNE,23.5
BR_RIO,Rio de Janeiro,14/01/2026,7:00,5.0,NE,0.8,NE,24.2
BR_RIO,Rio de Janeiro,14/01/2026,8:00,5.0,ENE,0.8,ENE,25.0
BR_RIO,Rio de Janeiro,14/01/2026,9:00,8.0,ESE,0.9,ESE,25.8
BR_RIO,Rio de Janeiro,14/01/2026,10:00,12.0,ESE,1.1,ESE,26.5
BR_RIO,Rio de Janeiro,14/01/2026,11:00,15.0,ESE,1.2,ESE,27.1
BR_RIO,Rio de Janeiro,14/01/2026,12:00,18.0,ESE,1.4,ESE,27.6
BR_RIO,Rio de Janeiro,14/01/2026,13:00,19.0,ESE,1.4,ESE,27.9
BR_RIO,Rio de Janeiro,14/01/2026,14:00,21.0,E,1.6,E,28.0
BR_RIO,Rio de Janeiro,14/01/2026,15:00,23.0,ENE,1.6,ENE,27.9
BR_RIO,Rio de Janeiro,14/01/2026,16:00,14.0,NE,1.2,NE,27.6
BR_RIO,Rio de Janeiro,14/01/2026,17:00,4.0,NW,0.7,NW,27.1
BR_RIO,Rio de Janeiro,14/01/2026,18:00,10.0,WSW,1.0,WSW,26.5
BR_RIO,Rio de Janeiro,14/01/2026,19:00,9.0,W,0.9,W,25.8
BR_RIO,Rio de Janeiro,14/01/2026,20:00,3.0,SW,0.7,SW,25.0
BR_RIO,Rio de Janeiro,14/01/2026,21:00,4.0,SSE,0.7,SSE,24.2
BR_RIO,Rio de Janeiro,14/01/2026,22:00,6.0,SSE,0.8,SSE,23.5
BR_RIO,Rio de Janeiro,14/01/2026,23:00,3.0,SE,0.7,SE,22.9
BR_RIO,Rio de Janeiro,15/01/2026,0:00,1.0,NNW,0.6,NNW,22.4
BR_RIO,Rio de Janeiro,15/01/2026,1:00,4.0,N,0.7,N,22.1
BR_RIO,Rio de Janeiro,15/01/2026,2:00,7.0,N,0.8,N,22.0
BR_RIO,Rio de Janeiro,15/01/2026,3:00,7.0,NNE,0.8,NNE,22.1
BR_RIO,Rio de Janeiro,15/01/2026,4:00,8.0,NE,0.9,NE,22.4
BR_RIO,Rio de Janeiro,15/01/2026,5:00,9.0,NE,0.9,NE,22.9
BR_RIO,Rio de Janeiro,15/01/2026,6:00,11.0,NE,1.1,NE,23.5
BR_RIO,Rio de Janeiro,15/01/2026,7:00,10.0,NE,1.0,NE,24.2
BR_RIO,Rio de Janeiro,15/01/2026,8:00,8.0,NE,0.9,NE,25.0
BR_RIO,Rio de Janeiro,15/01/2026,9:00,3.0,NNE,0.7,NNE,25.8
BR_RIO,Rio de Janeiro,15/01/2026,10:00,3.0,SW,0.7,SW,26.5
BR_RIO,Rio de Janeiro,15/01/2026,11:00,4.0,SSW,0.7,SSW,27.1
BR_RIO,Rio de Janeiro,15/01/2026,12:00,5.0,SSE,0.8,SSE,27.6
BR_RIO,Rio de Janeiro,15/01/2026,13:00,6.0,SE,0.8,SE,27.9
BR_RIO,Rio de Janeiro,15/01/2026,14:00,8.0,SE,0.9,SE,28.0
BR_RIO,Rio de Janeiro,15/01/2026,15:00,10.0,ESE,1.0,ESE,27.9
BR_RIO,Rio de Janeiro,15/01/2026,16:00,11.0,ESE,1.1,ESE,27.6
BR_RIO,Rio de Janeiro,15/01/2026,17:00,8.0,ESE,0.9,ESE,27.1
BR_RIO,Rio de Janeiro,15/01/2026,18:00,4.0,ESE,0.7,ESE,26.5
BR_RIO,Rio de Janeiro,15/01/2026,19:00,2.0,SSW,0.6,SSW,25.8
BR_RIO,Rio de Janeiro,15/01/2026,20:00,3.0,W,0.7,W,25.0
BR_RIO,Rio de Janeiro,15/01/2026,21:00,6.0,W,0.8,W,24.2
BR_RIO,Rio de Janeiro,15/01/2026,22:00,9.0,WNW,0.9,WNW,23.5
BR_RIO,Rio de Janeiro,15/01/2026,23:00,7.0,NW,0.8,NW,22.9
BR_RIO,Rio de Janeiro,16/01/2026,0:00,7.0,N,0.8,N,22.4
BR_RIO,Rio de Janeiro,16/01/2026,1:00,7.0,NNE,0.8,NNE,22.1
BR_RIO,Rio de Janeiro,16/01/2026,2:00,8.0,NNE,0.9,NNE,22.0
BR_RIO,Rio de Janeiro,16/01/2026,3:00,9.0,NNE,0.9,NNE,22.1
BR_RIO,Rio de Janeiro,16/01/2026,4:00,6.0,NNE,0.8,NNE,22.4
BR_RIO,Rio de Janeiro,16/01/2026,5:00,7.0,NNE,0.8,NNE,22.9
BR_RIO,Rio de Janeiro,16/01/2026,6:00,5.0,NNE,0.8,NNE,23.5
BR_RIO,Rio de Janeiro,16/01/2026,7:00,2.0,NNE,0.6,NNE,24.2
BR_RIO,Rio de Janeiro,16/01/2026,8:00,3.0,NE,0.7,NE,25.0
BR_RIO,Rio de Janeiro,16/01/2026,9:00,1.0,NNE,0.6,NNE,25.8
BR_RIO,Rio de Janeiro,16/01/2026,10:00,1.0,NW,0.6,NW,26.5
BR_RIO,Rio de Janeiro,16/01/2026,11:00,1.0,SE,0.6,SE,27.1
BR_RIO,Rio de Janeiro,16/01/2026,12:00,4.0,SSE,0.7,SSE,27.6
BR_RIO,Rio de Janeiro,16/01/2026,13:00,6.0,ESE,0.8,ESE,27.9
BR_RIO,Rio de Janeiro,16/01/2026,14:00,9.0,ESE,0.9,ESE,28.0
BR_RIO,Rio de Janeiro,16/01/2026,15:00,12.0,ESE,1.1,ESE,27.9
BR_RIO,Rio de Janeiro,16/01/2026,16:00,13.0,ESE,1.1,ESE,27.6
BR_RIO,Rio de Janeiro,16/01/2026,17:00,12.0,E,1.1,E,27.1
BR_RIO,Rio de Janeiro,16/01/2026,18:00,11.0,ENE,1.1,ENE,26.5
BR_RIO,Rio de Janeiro,16/01/2026,19:00,10.0,ENE,1.0,ENE,25.8
BR_RIO,Rio de Janeiro,16/01/2026,20:00,8.0,ENE,0.9,ENE,25.0
BR_RIO,Rio de Janeiro,16/01/2026,21:00,6.0,NNE,0.8,NNE,24.2
BR_RIO,Rio de Janeiro,16/01/2026,22:00,5.0,N,0.8,N,23.5
BR_RIO,Rio de Janeiro,16/01/2026,23:00,6.0,NE,0.8,NE,22.9
BR_RIO,Rio de Janeiro,17/01/2026,0:00,6.0,NNE,0.8,NNE,22.4
BR_RIO,Rio de Janeiro,17/01/2026,1:00,6.0,NNE,0.8,NNE,22.1
BR_RIO,Rio de Janeiro,17/01/2026,2:00,7.0,NNE,0.8,NNE,22.0
BR_RIO,Rio de Janeiro,17/01/2026,3:00,5.0,NNE,0.8,NNE,22.1
BR_RIO,Rio de Janeiro,17/01/2026,4:00,6.0,N,0.8,N,22.4
BR_RIO,Rio de Janeiro,17/01/2026,5:00,5.0,NNE,0.8,NNE,22.9
BR_RIO,Rio de Janeiro,17/01/2026,6:00,7.0,NNE,0.8,NNE,23.5
BR_RIO,Rio de Janeiro,17/01/2026,7:00,5.0,NNE,0.8,NNE,24.2
BR_RIO,Rio de Janeiro,17/01/2026,8:00,4.0,NE,0.7,NE,25.0
BR_RIO,Rio de Janeiro,17/01/2026,9:00,7.0,ENE,0.8,ENE,25.8
BR_RIO,Rio de Janeiro,17/01/2026,10:00,9.0,ESE,0.9,ESE,26.5
BR_RIO,Rio de Janeiro,17/01/2026,11:00,12.0,SE,1.1,SE,27.1
BR_RIO,Rio de Janeiro,17/01/2026,12:00,13.0,SE,1.1,SE,27.6
BR_RIO,Rio de Janeiro,17/01/2026,13:00,14.0,ESE,1.2,ESE,27.9
BR_RIO,Rio de Janeiro,17/01/2026,14:00,15.0,ESE,1.2,ESE,28.0
BR_RIO,Rio de Janeiro,17/01/2026,15:00,13.0,E,1.1,E,27.9
BR_RIO,Rio de Janeiro,17/01/2026,16:00,11.0,ENE,1.1,ENE,27.6
BR_RIO,Rio de Janeiro,17/01/2026,17:00,9.0,NE,0.9,NE,27.1
BR_RIO,Rio de Janeiro,17/01/2026,18:00,7.0,NNE,0.8,NNE,26.5
BR_RIO,Rio de Janeiro,17/01/2026,19:00,5.0,NNE,0.8,NNE,25.8
BR_RIO,Rio de Janeiro,17/01/2026,20:00,4.0,N,0.7,N,25.0
BR_RIO,Rio de Janeiro,17/01/2026,21:00,4.0,ESE,0.7,ESE,24.2
BR_RIO,Rio de Janeiro,17/01/2026,22:00,4.0,SW,0.7,SW,23.5
BR_RIO,Rio de Janeiro,17/01/2026,23:00,4.0,NNW,0.7,NNW,22.9
BR_RIO,Rio de Janeiro,18/01/2026,0:00,3.0,NNW,0.7,NNW,22.4
BR_RIO,Rio de Janeiro,18/01/2026,1:00,3.0,NNW,0.7,NNW,22.1
BR_RIO,Rio de Janeiro,18/01/2026,2:00,2.0,NNW,0.6,NNW,22.0
BR_RIO,Rio de Janeiro,18/01/2026,3:00,3.0,NW,0.7,NW,22.1
BR_RIO,Rio de Janeiro,18/01/2026,4:00,4.0,WNW,0.7,WNW,22.4
BR_RIO,Rio de Janeiro,18/01/2026,5:00,5.0,WNW,0.8,WNW,22.9
BR_RIO,Rio de Janeiro,18/01/2026,6:00,6.0,WNW,0.8,WNW,23.5
BR_RIO,Rio de Janeiro,18/01/2026,7:00,6.0,NW,0.8,NW,24.2
BR_RIO,Rio de Janeiro,18/01/2026,8:00,6.0,NNW,0.8,NNW,25.0
BR_RIO,Rio de Janeiro,18/01/2026,9:00,5.0,SW,0.8,SW,25.8
BR_RIO,Rio de Janeiro,18/01/2026,10:00,4.0,ESE,0.7,ESE,26.5
BR_RIO,Rio de Janeiro,18/01/2026,11:00,3.0,N,0.7,N,27.1
BR_RIO,Rio de Janeiro,18/01/2026,12:00,5.0,NNE,0.8,NNE,27.6
BR_RIO,Rio de Janeiro,18/01/2026,13:00,6.0,NNE,0.8,NNE,27.9
BR_RIO,Rio de Janeiro,18/01/2026,14:00,8.0,NNE,0.9,NNE,28.0
BR_RIO,Rio de Janeiro,18/01/2026,15:00,9.0,NE,0.9,NE,27.9
BR_RIO,Rio de Janeiro,18/01/2026,16:00,10.0,NE,1.0,NE,27.6
BR_RIO,Rio de Janeiro,18/01/2026,17:00,12.0,NE,1.1,NE,27.1
BR_RIO,Rio de Janeiro,18/01/2026,18:00,10.0,NE,1.0,NE,26.5
BR_RIO,Rio de Janeiro,18/01/2026,19:00,9.0,NNE,0.9,NNE,25.8
BR_RIO,Rio de Janeiro,18/01/2026,20:00,7.0,N,0.8,N,25.0
BR_RIO,Rio de Janeiro,18/01/2026,21:00,7.0,SE,0.8,SE,24.2
BR_RIO,Rio de Janeiro,18/01/2026,22:00,7.0,WSW,0.8,WSW,23.5
BR_RIO,Rio de Janeiro,18/01/2026,23:00,7.0,N,0.8,N,22.9
BR_RIO,Rio de Janeiro,19/01/2026,0:00,8.0,N,0.9,N,22.4
BR_RIO,Rio de Janeiro,19/01/2026,1:00,8.0,N,0.9,N,22.1
BR_RIO,Rio de Janeiro,19/01/2026,2:00,9.0,N,0.9,N,22.0
BR_RIO,Rio de Janeiro,19/01/2026,3:00,9.0,N,0.9,N,22.1
BR_RIO,Rio de Janeiro,19/01/2026,4:00,8.0,N,0.9,N,22.4
BR_RIO,Rio de Janeiro,19/01/2026,5:00,8.0,N,0.9,N,22.9
BR_RIO,Rio de Janeiro,19/01/2026,6:00,10.0,NNW,1.0,NNW,23.5
BR_RIO,Rio de Janeiro,19/01/2026,7:00,13.0,NNW,1.1,NNW,24.2
BR_RIO,Rio de Janeiro,19/01/2026,8:00,15.0,NNW,1.2,NNW,25.0
BR_RIO,Rio de Janeiro,19/01/2026,9:00,15.0,NNW,1.2,NNW,25.8
BR_RIO,Rio de Janeiro,19/01/2026,10:00,15.0,NW,1.2,NW,26.5
BR_RIO,Rio de Janeiro,19/01/2026,11:00,15.0,NW,1.2,NW,27.1
BR_RIO,Rio de Janeiro,19/01/2026,12:00,13.0,NW,1.1,NW,27.6
BR_RIO,Rio de Janeiro,19/01/2026,13:00,11.0,NW,1.1,NW,27.9
BR_RIO,Rio de Janeiro,19/01/2026,14:00,9.0,NW,0.9,NW,28.0
BR_RIO,Rio de Janeiro,19/01/2026,15:00,7.0,SW,0.8,SW,27.9
BR_RIO,Rio de Janeiro,19/01/2026,16:00,5.0,ESE,0.8,ESE,27.6
BR_RIO,Rio de Janeiro,19/01/2026,17:00,3.0,N,0.7,N,27.1
BR_RIO,Rio de Janeiro,19/01/2026,18:00,4.0,NE,0.7,NE,26.5
BR_RIO,Rio de Janeiro,19/01/2026,19:00,5.0,E,0.8,E,25.8
BR_RIO,Rio de Janeiro,19/01/2026,20:00,5.0,SE,0.8,SE,25.0
BR_RIO,Rio de Janeiro,19/01/2026,21:00,5.0,S,0.8,S,24.2
BR_RIO,Rio de Janeiro,19/01/2026,22:00,5.0,SW,0.8,SW,23.5
BR_RIO,Rio de Janeiro,19/01/2026,23:00,5.0,WSW,0.8,WSW,22.9
BR_SEP,Sepetiba,13/01/2026,0:00,6.0,WNW,0.8,WNW,22.4
BR_SEP,Sepetiba,13/01/2026,1:00,5.0,WNW,0.8,WNW,22.1
BR_SEP,Sepetiba,13/01/2026,2:00,6.0,NW,0.8,NW,22.0
BR_SEP,Sepetiba,13/01/2026,3:00,5.0,NNW,0.8,NNW,22.1
BR_SEP,Sepetiba,13/01/2026,4:00,7.0,NNE,0.8,NNE,22.4
BR_SEP,Sepetiba,13/01/2026,5:00,7.0,N,0.8,N,22.9
BR_SEP,Sepetiba,13/01/2026,6:00,7.0,N,0.8,N,23.5
BR_SEP,Sepetiba,13/01/2026,7:00,9.0,N,0.9,N,24.2
BR_SEP,Sepetiba,13/01/2026,8:00,9.0,N,0.9,N,25.0
BR_SEP,Sepetiba,13/01/2026,9:00,6.0,NNE,0.8,NNE,25.8
BR_SEP,Sepetiba,13/01/2026,10:00,5.0,ENE,0.8,ENE,26.5
BR_SEP,Sepetiba,13/01/2026,11:00,7.0,ESE,0.8,ESE,27.1
BR_SEP,Sepetiba,13/01/2026,12:00,12.0,ESE,1.1,ESE,27.6
BR_SEP,Sepetiba,13/01/2026,13:00,13.0,SE,1.1,SE,27.9
BR_SEP,Sepetiba,13/01/2026,14:00,17.0,SSW,1.4,SSW,28.0
BR_SEP,Sepetiba,13/01/2026,15:00,20.0,W,1.5,W,27.9
BR_SEP,Sepetiba,13/01/2026,16:00,15.0,W,1.2,W,27.6
BR_SEP,Sepetiba,13/01/2026,17:00,13.0,NNW,1.1,NNW,27.1
BR_SEP,Sepetiba,13/01/2026,18:00,13.0,N,1.1,N,26.5
BR_SEP,Sepetiba,13/01/2026,19:00,12.0,N,1.1,N,25.8
BR_SEP,Sepetiba,13/01/2026,20:00,11.0,NNW,1.1,NNW,25.0
BR_SEP,Sepetiba,13/01/2026,21:00,9.0,NNW,0.9,NNW,24.2
BR_SEP,Sepetiba,13/01/2026,22:00,8.0,NNW,0.9,NNW,23.5
BR_SEP,Sepetiba,13/01/2026,23:00,9.0,N,0.9,N,22.9
BR_SEP,Sepetiba,14/01/2026,0:00,9.0,N,0.9,N,22.4
BR_SEP,Sepetiba,14/01/2026,1:00,8.0,NNW,0.9,NNW,22.1
BR_SEP,Sepetiba,14/01/2026,2:00,8.0,N,0.9,N,22.0
BR_SEP,Sepetiba,14/01/2026,3:00,8.0,N,0.9,N,22.1
BR_SEP,Sepetiba,14/01/2026,4:00,8.0,N,0.9,N,22.4
BR_SEP,Sepetiba,14/01/2026,5:00,8.0,N,0.9,N,22.9
BR_SEP,Sepetiba,14/01/2026,6:00,9.0,NNE,0.9,NNE,23.5
BR_SEP,Sepetiba,14/01/2026,7:00,10.0,NNE,1.0,NNE,24.2
BR_SEP,Sepetiba,14/01/2026,8:00,12.0,NNE,1.1,NNE,25.0
BR_SEP,Sepetiba,14/01/2026,9:00,13.0,NNE,1.1,NNE,25.8
BR_SEP,Sepetiba,14/01/2026,10:00,12.0,NE,1.1,NE,26.5
BR_SEP,Sepetiba,14/01/2026,11:00,12.0,ENE,1.1,ENE,27.1
BR_SEP,Sepetiba,14/01/2026,12:00,13.0,E,1.1,E,27.6
BR_SEP,Sepetiba,14/01/2026,13:00,13.0,ESE,1.1,ESE,27.9
BR_SEP,Sepetiba,14/01/2026,14:00,11.0,SE,1.1,SE,28.0
BR_SEP,Sepetiba,14/01/2026,15:00,8.0,S,0.9,S,27.9
BR_SEP,Sepetiba,14/01/2026,16:00,14.0,W,1.2,W,27.6
BR_SEP,Sepetiba,14/01/2026,17:00,18.0,WNW,1.4,WNW,27.1
BR_SEP,Sepetiba,14/01/2026,18:00,17.0,WNW,1.4,WNW,26.5
BR_SEP,Sepetiba,14/01/2026,19:00,12.0,NNW,1.1,NNW,25.8
BR_SEP,Sepetiba,14/01/2026,20:00,9.0,NW,0.9,NW,25.0
BR_SEP,Sepetiba,14/01/2026,21:00,8.0,NNW,0.9,NNW,24.2
BR_SEP,Sepetiba,14/01/2026,22:00,10.0,NNE,1.0,NNE,23.5
BR_SEP,Sepetiba,14/01/2026,23:00,12.0,N,1.1,N,22.9
BR_SEP,Sepetiba,15/01/2026,0:00,11.0,NNE,1.1,NNE,22.4
BR_SEP,Sepetiba,15/01/2026,1:00,12.0,NNE,1.1,NNE,22.1
BR_SEP,Sepetiba,15/01/2026,2:00,14.0,NNE,1.2,NNE,22.0
BR_SEP,Sepetiba,15/01/2026,3:00,14.0,NNE,1.2,NNE,22.1
BR_SEP,Sepetiba,15/01/2026,4:00,14.0,NNE,1.2,NNE,22.4
BR_SEP,Sepetiba,15/01/2026,5:00,14.0,NNE,1.2,NNE,22.9
BR_SEP,Sepetiba,15/01/2026,6:00,11.0,N,1.1,N,23.5
BR_SEP,Sepetiba,15/01/2026,7:00,10.0,N,1.0,N,24.2
BR_SEP,Sepetiba,15/01/2026,8:00,11.0,N,1.1,N,25.0
BR_SEP,Sepetiba,15/01/2026,9:00,15.0,N,1.2,N,25.8
BR_SEP,Sepetiba,15/01/2026,10:00,17.0,NNE,1.4,NNE,26.5
BR_SEP,Sepetiba,15/01/2026,11:00,16.0,NNE,1.3,NNE,27.1
BR_SEP,Sepetiba,15/01/2026,12:00,16.0,NNE,1.3,NNE,27.6
BR_SEP,Sepetiba,15/01/2026,13:00,13.0,NE,1.1,NE,27.9
BR_SEP,Sepetiba,15/01/2026,14:00,9.0,ENE,0.9,ENE,28.0
BR_SEP,Sepetiba,15/01/2026,15:00,2.0,NE,0.6,NE,27.9
BR_SEP,Sepetiba,15/01/2026,16:00,4.0,SW,0.7,SW,27.6
BR_SEP,Sepetiba,15/01/2026,17:00,6.0,SW,0.8,SW,27.1
BR_SEP,Sepetiba,15/01/2026,18:00,6.0,WSW,0.8,WSW,26.5
BR_SEP,Sepetiba,15/01/2026,19:00,10.0,WSW,1.0,WSW,25.8
BR_SEP,Sepetiba,15/01/2026,20:00,9.0,W,0.9,W,25.0
BR_SEP,Sepetiba,15/01/2026,21:00,5.0,WNW,0.8,WNW,24.2
BR_SEP,Sepetiba,15/01/2026,22:00,9.0,NNW,0.9,NNW,23.5
BR_SEP,Sepetiba,15/01/2026,23:00,12.0,N,1.1,N,22.9
BR_SEP,Sepetiba,16/01/2026,0:00,14.0,N,1.2,N,22.4
BR_SEP,Sepetiba,16/01/2026,1:00,14.0,N,1.2,N,22.1
BR_SEP,Sepetiba,16/01/2026,2:00,15.0,N,1.2,N,22.0
BR_SEP,Sepetiba,16/01/2026,3:00,13.0,N,1.1,N,22.1
BR_SEP,Sepetiba,16/01/2026,4:00,12.0,N,1.1,N,22.4
BR_SEP,Sepetiba,16/01/2026,5:00,12.0,N,1.1,N,22.9
BR_SEP,Sepetiba,16/01/2026,6:00,9.0,N,0.9,N,23.5
BR_SEP,Sepetiba,16/01/2026,7:00,9.0,N,0.9,N,24.2
BR_SEP,Sepetiba,16/01/2026,8:00,10.0,N,1.0,N,25.0
BR_SEP,Sepetiba,16/01/2026,9:00,10.0,N,1.0,N,25.8
BR_SEP,Sepetiba,16/01/2026,10:00,11.0,N,1.1,N,26.5
BR_SEP,Sepetiba,16/01/2026,11:00,11.0,NNW,1.1,NNW,27.1
BR_SEP,Sepetiba,16/01/2026,12:00,10.0,N,1.0,N,27.6
BR_SEP,Sepetiba,16/01/2026,13:00,6.0,NNE,0.8,NNE,27.9
BR_SEP,Sepetiba,16/01/2026,14:00,6.0,E,0.8,E,28.0
BR_SEP,Sepetiba,16/01/2026,15:00,8.0,SE,0.9,SE,27.9
BR_SEP,Sepetiba,16/01/2026,16:00,11.0,ESE,1.1,ESE,27.6
BR_SEP,Sepetiba,16/01/2026,17:00,7.0,ESE,0.8,ESE,27.1
BR_SEP,Sepetiba,16/01/2026,18:00,2.0,ESE,0.6,ESE,26.5
BR_SEP,Sepetiba,16/01/2026,19:00,4.0,NNW,0.7,NNW,25.8
BR_SEP,Sepetiba,16/01/2026,20:00,6.0,NW,0.8,NW,25.0
BR_SEP,Sepetiba,16/01/2026,21:00,12.0,N,1.1,N,24.2
BR_SEP,Sepetiba,16/01/2026,22:00,14.0,N,1.2,N,23.5
BR_SEP,Sepetiba,16/01/2026,23:00,8.0,N,0.9,N,22.9
BR_SEP,Sepetiba,17/01/2026,0:00,14.0,N,1.2,N,22.4
BR_SEP,Sepetiba,17/01/2026,1:00,13.0,NNE,1.1,NNE,22.1
BR_SEP,Sepetiba,17/01/2026,2:00,12.0,N,1.1,N,22.0
BR_SEP,Sepetiba,17/01/2026,3:00,12.0,N,1.1,N,22.1
BR_SEP,Sepetiba,17/01/2026,4:00,13.0,N,1.1,N,22.4
BR_SEP,Sepetiba,17/01/2026,5:00,12.0,N,1.1,N,22.9
BR_SEP,Sepetiba,17/01/2026,6:00,13.0,N,1.1,N,23.5
BR_SEP,Sepetiba,17/01/2026,7:00,14.0,N,1.2,N,24.2
BR_SEP,Sepetiba,17/01/2026,8:00,14.0,N,1.2,N,25.0
BR_SEP,Sepetiba,17/01/2026,9:00,10.0,NNE,1.0,NNE,25.8
BR_SEP,Sepetiba,17/01/2026,10:00,6.0,NE,0.8,NE,26.5
BR_SEP,Sepetiba,17/01/2026,11:00,1.0,NE,0.6,NE,27.1
BR_SEP,Sepetiba,17/01/2026,12:00,5.0,E,0.8,E,27.6
BR_SEP,Sepetiba,17/01/2026,13:00,8.0,SE,0.9,SE,27.9
BR_SEP,Sepetiba,17/01/2026,14:00,12.0,S,1.1,S,28.0
BR_SEP,Sepetiba,17/01/2026,15:00,10.0,SW,1.0,SW,27.9
BR_SEP,Sepetiba,17/01/2026,16:00,8.0,WNW,0.9,WNW,27.6
BR_SEP,Sepetiba,17/01/2026,17:00,5.0,NNW,0.8,NNW,27.1
BR_SEP,Sepetiba,17/01/2026,18:00,6.0,NNW,0.8,NNW,26.5
BR_SEP,Sepetiba,17/01/2026,19:00,7.0,NNW,0.8,NNW,25.8
BR_SEP,Sepetiba,17/01/2026,20:00,8.0,NNW,0.9,NNW,25.0
BR_SEP,Sepetiba,17/01/2026,21:00,9.0,NNW,0.9,NNW,24.2
BR_SEP,Sepetiba,17/01/2026,22:00,9.0,N,0.9,N,23.5
BR_SEP,Sepetiba,17/01/2026,23:00,10.0,N,1.0,N,22.9
BR_SEP,Sepetiba,18/01/2026,0:00,9.0,N,0.9,N,22.4
BR_SEP,Sepetiba,18/01/2026,1:00,9.0,N,0.9,N,22.1
BR_SEP,Sepetiba,18/01/2026,2:00,9.0,N,0.9,N,22.0
BR_SEP,Sepetiba,18/01/2026,3:00,8.0,N,0.9,N,22.1
BR_SEP,Sepetiba,18/01/2026,4:00,8.0,NNW,0.9,NNW,22.4
BR_SEP,Sepetiba,18/01/2026,5:00,8.0,NNW,0.9,NNW,22.9
BR_SEP,Sepetiba,18/01/2026,6:00,9.0,SW,0.9,SW,23.5
BR_SEP,Sepetiba,18/01/2026,7:00,10.0,ESE,1.0,ESE,24.2
BR_SEP,Sepetiba,18/01/2026,8:00,11.0,N,1.1,N,25.0
BR_SEP,Sepetiba,18/01/2026,9:00,13.0,ESE,1.1,ESE,25.8
BR_SEP,Sepetiba,18/01/2026,10:00,14.0,WSW,1.2,WSW,26.5
BR_SEP,Sepetiba,18/01/2026,11:00,15.0,N,1.2,N,27.1
BR_SEP,Sepetiba,18/01/2026,12:00,14.0,WSW,1.2,WSW,27.6
BR_SEP,Sepetiba,18/01/2026,13:00,14.0,SE,1.2,SE,27.9
BR_SEP,Sepetiba,18/01/2026,14:00,13.0,N,1.1,N,28.0
BR_SEP,Sepetiba,18/01/2026,15:00,14.0,N,1.2,N,27.9
BR_SEP,Sepetiba,18/01/2026,16:00,15.0,N,1.2,N,27.6
BR_SEP,Sepetiba,18/01/2026,17:00,16.0,NNE,1.3,NNE,27.1
BR_SEP,Sepetiba,18/01/2026,18:00,16.0,N,1.3,N,26.5
BR_SEP,Sepetiba,18/01/2026,19:00,16.0,N,1.3,N,25.8
BR_SEP,Sepetiba,18/01/2026,20:00,16.0,N,1.3,N,25.0
BR_SEP,Sepetiba,18/01/2026,21:00,16.0,ESE,1.3,ESE,24.2
BR_SEP,Sepetiba,18/01/2026,22:00,16.0,WSW,1.3,WSW,23.5
BR_SEP,Sepetiba,18/01/2026,23:00,17.0,N,1.4,N,22.9
BR_SEP,Sepetiba,19/01/2026,0:00,17.0,N,1.4,N,22.4
BR_SEP,Sepetiba,19/01/2026,1:00,18.0,N,1.4,N,22.1
BR_SEP,Sepetiba,19/01/2026,2:00,19.0,N,1.4,N,22.0
BR_SEP,Sepetiba,19/01/2026,3:00,19.0,N,1.4,N,22.1
BR_SEP,Sepetiba,19/01/2026,4:00,19.0,N,1.4,N,22.4
BR_SEP,Sepetiba,19/01/2026,5:00,19.0,N,1.4,N,22.9
BR_SEP,Sepetiba,19/01/2026,6:00,18.0,N,1.4,N,23.5
BR_SEP,Sepetiba,19/01/2026,7:00,18.0,NNW,1.4,NNW,24.2
BR_SEP,Sepetiba,19/01/2026,8:00,18.0,NNW,1.4,NNW,25.0
BR_SEP,Sepetiba,19/01/2026,9:00,17.0,NNW,1.4,NNW,25.8
BR_SEP,Sepetiba,19/01/2026,10:00,17.0,NW,1.4,NW,26.5
BR_SEP,Sepetiba,19/01/2026,11:00,17.0,NW,1.4,NW,27.1
BR_SEP,Sepetiba,19/01/2026,12:00,15.0,SSW,1.2,SSW,27.6
BR_SEP,Sepetiba,19/01/2026,13:00,14.0,ESE,1.2,ESE,27.9
BR_SEP,Sepetiba,19/01/2026,14:00,12.0,N,1.1,N,28.0
BR_SEP,Sepetiba,19/01/2026,15:00,11.0,N,1.1,N,27.9
BR_SEP,Sepetiba,19/01/2026,16:00,10.0,N,1.0,N,27.6
BR_SEP,Sepetiba,19/01/2026,17:00,8.0,N,0.9,N,27.1
BR_SEP,Sepetiba,19/01/2026,18:00,6.0,E,0.8,E,26.5
BR_SEP,Sepetiba,19/01/2026,19:00,4.0,S,0.7,S,25.8
BR_SEP,Sepetiba,19/01/2026,20:00,1.0,WSW,0.6,WSW,25.0
BR_SEP,Sepetiba,19/01/2026,21:00,2.0,WNW,0.6,WNW,24.2
BR_SEP,Sepetiba,19/01/2026,22:00,2.0,NW,0.6,NW,23.5
BR_SEP,Sepetiba,19/01/2026,23:00,2.0,N,0.6,N,22.9
BR_VIT,Vitória,13/01/2026,0:00,16.0,N,1.3,N,22.4
BR_VIT,Vitória,13/01/2026,1:00,15.0,N,1.2,N,22.1
BR_VIT,Vitória,13/01/2026,2:00,15.0,N,1.2,N,22.0
BR_VIT,Vitória,13/01/2026,3:00,16.0,N,1.3,N,22.1
BR_VIT,Vitória,13/01/2026,4:00,15.0,N,1.2,N,22.4
BR_VIT,Vitória,13/01/2026,5:00,14.0,N,1.2,N,22.9
BR_VIT,Vitória,13/01/2026,6:00,15.0,N,1.2,N,23.5
BR_VIT,Vitória,13/01/2026,7:00,17.0,NNE,1.4,NNE,24.2
BR_VIT,Vitória,13/01/2026,8:00,20.0,NNE,1.5,NNE,25.0
BR_VIT,Vitória,13/01/2026,9:00,20.0,NE,1.5,NE,25.8
BR_VIT,Vitória,13/01/2026,10:00,23.0,NE,1.6,NE,26.5
BR_VIT,Vitória,13/01/2026,11:00,28.0,ENE,1.9,ENE,27.1
BR_VIT,Vitória,13/01/2026,12:00,31.0,ENE,2.0,ENE,27.6
BR_VIT,Vitória,13/01/2026,13:00,31.0,ENE,2.0,ENE,27.9
BR_VIT,Vitória,13/01/2026,14:00,31.0,ENE,2.0,ENE,28.0
BR_VIT,Vitória,13/01/2026,15:00,31.0,NE,2.0,NE,27.9
BR_VIT,Vitória,13/01/2026,16:00,29.0,NE,1.9,NE,27.6
BR_VIT,Vitória,13/01/2026,17:00,26.0,NE,1.8,NE,27.1
BR_VIT,Vitória,13/01/2026,18:00,23.0,NNE,1.6,NNE,26.5
BR_VIT,Vitória,13/01/2026,19:00,21.0,NNE,1.6,NNE,25.8
BR_VIT,Vitória,13/01/2026,20:00,19.0,NNE,1.4,NNE,25.0
BR_VIT,Vitória,13/01/2026,21:00,17.0,NNE,1.4,NNE,24.2
BR_VIT,Vitória,13/01/2026,22:00,15.0,NNE,1.2,NNE,23.5
BR_VIT,Vitória,13/01/2026,23:00,14.0,N,1.2,N,22.9
BR_VIT,Vitória,14/01/2026,0:00,12.0,N,1.1,N,22.4
BR_VIT,Vitória,14/01/2026,1:00,12.0,N,1.1,N,22.1
BR_VIT,Vitória,14/01/2026,2:00,11.0,N,1.1,N,22.0
BR_VIT,Vitória,14/01/2026,3:00,10.0,NNW,1.0,NNW,22.1
BR_VIT,Vitória,14/01/2026,4:00,10.0,NNW,1.0,NNW,22.4
BR_VIT,Vitória,14/01/2026,5:00,9.0,N,0.9,N,22.9
BR_VIT,Vitória,14/01/2026,6:00,10.0,N,1.0,N,23.5
BR_VIT,Vitória,14/01/2026,7:00,12.0,NNE,1.1,NNE,24.2
BR_VIT,Vitória,14/01/2026,8:00,14.0,NE,1.2,NE,25.0
BR_VIT,Vitória,14/01/2026,9:00,19.0,NE,1.4,NE,25.8
BR_VIT,Vitória,14/01/2026,10:00,19.0,NE,1.4,NE,26.5
BR_VIT,Vitória,14/01/2026,11:00,23.0,ENE,1.6,ENE,27.1
BR_VIT,Vitória,14/01/2026,12:00,25.0,ENE,1.8,ENE,27.6
BR_VIT,Vitória,14/01/2026,13:00,25.0,ENE,1.8,ENE,27.9
BR_VIT,Vitória,14/01/2026,14:00,24.0,ENE,1.7,ENE,28.0
BR_VIT,Vitória,14/01/2026,15:00,23.0,ENE,1.6,ENE,27.9
BR_VIT,Vitória,14/01/2026,16:00,23.0,ENE,1.6,ENE,27.6
BR_VIT,Vitória,14/01/2026,17:00,21.0,NE,1.6,NE,27.1
BR_VIT,Vitória,14/01/2026,18:00,17.0,NE,1.4,NE,26.5
BR_VIT,Vitória,14/01/2026,19:00,14.0,NNE,1.2,NNE,25.8
BR_VIT,Vitória,14/01/2026,20:00,12.0,NNE,1.1,NNE,25.0
BR_VIT,Vitória,14/01/2026,21:00,9.0,N,0.9,N,24.2
BR_VIT,Vitória,14/01/2026,22:00,9.0,NNW,0.9,NNW,23.5
BR_VIT,Vitória,14/01/2026,23:00,7.0,NNW,0.8,NNW,22.9
BR_VIT,Vitória,15/01/2026,0:00,7.0,NNW,0.8,NNW,22.4
BR_VIT,Vitória,15/01/2026,1:00,6.0,NW,0.8,NW,22.1
BR_VIT,Vitória,15/01/2026,2:00,5.0,NW,0.8,NW,22.0
BR_VIT,Vitória,15/01/2026,3:00,5.0,NNW,0.8,NNW,22.1
BR_VIT,Vitória,15/01/2026,4:00,5.0,NNW,0.8,NNW,22.4
BR_VIT,Vitória,15/01/2026,5:00,5.0,NNW,0.8,NNW,22.9
BR_VIT,Vitória,15/01/2026,6:00,5.0,N,0.8,N,23.5
BR_VIT,Vitória,15/01/2026,7:00,7.0,NNE,0.8,NNE,24.2
BR_VIT,Vitória,15/01/2026,8:00,10.0,NE,1.0,NE,25.0
BR_VIT,Vitória,15/01/2026,9:00,13.0,ENE,1.1,ENE,25.8
BR_VIT,Vitória,15/01/2026,10:00,17.0,ENE,1.4,ENE,26.5
BR_VIT,Vitória,15/01/2026,11:00,20.0,E,1.5,E,27.1
BR_VIT,Vitória,15/01/2026,12:00,21.0,E,1.6,E,27.6
BR_VIT,Vitória,15/01/2026,13:00,23.0,ENE,1.6,ENE,27.9
BR_VIT,Vitória,15/01/2026,14:00,22.0,ENE,1.6,ENE,28.0
BR_VIT,Vitória,15/01/2026,15:00,19.0,ENE,1.4,ENE,27.9
BR_VIT,Vitória,15/01/2026,16:00,17.0,ENE,1.4,ENE,27.6
BR_VIT,Vitória,15/01/2026,17:00,14.0,ENE,1.2,ENE,27.1
BR_VIT,Vitória,15/01/2026,18:00,13.0,NE,1.1,NE,26.5
BR_VIT,Vitória,15/01/2026,19:00,11.0,NE,1.1,NE,25.8
BR_VIT,Vitória,15/01/2026,20:00,9.0,NNE,0.9,NNE,25.0
BR_VIT,Vitória,15/01/2026,21:00,9.0,NNE,0.9,NNE,24.2
BR_VIT,Vitória,15/01/2026,22:00,9.0,N,0.9,N,23.5
BR_VIT,Vitória,15/01/2026,23:00,9.0,N,0.9,N,22.9
BR_VIT,Vitória,16/01/2026,0:00,9.0,NNW,0.9,NNW,22.4
BR_VIT,Vitória,16/01/2026,1:00,9.0,NW,0.9,NW,22.1
BR_VIT,Vitória,16/01/2026,2:00,8.0,WNW,0.9,WNW,22.0
BR_VIT,Vitória,16/01/2026,3:00,6.0,NW,0.8,NW,22.1
BR_VIT,Vitória,16/01/2026,4:00,6.0,NNW,0.8,NNW,22.4
BR_VIT,Vitória,16/01/2026,5:00,6.0,NNW,0.8,NNW,22.9
BR_VIT,Vitória,16/01/2026,6:00,5.0,NW,0.8,NW,23.5
BR_VIT,Vitória,16/01/2026,7:00,5.0,N,0.8,N,24.2
BR_VIT,Vitória,16/01/2026,8:00,8.0,ENE,0.9,ENE,25.0
BR_VIT,Vitória,16/01/2026,9:00,12.0,E,1.1,E,25.8
BR_VIT,Vitória,16/01/2026,10:00,16.0,E,1.3,E,26.5
BR_VIT,Vitória,16/01/2026,11:00,19.0,E,1.4,E,27.1
BR_VIT,Vitória,16/01/2026,12:00,20.0,E,1.5,E,27.6
BR_VIT,Vitória,16/01/2026,13:00,21.0,E,1.6,E,27.9
BR_VIT,Vitória,16/01/2026,14:00,20.0,ENE,1.5,ENE,28.0
BR_VIT,Vitória,16/01/2026,15:00,19.0,ENE,1.4,ENE,27.9
BR_VIT,Vitória,16/01/2026,16:00,17.0,ENE,1.4,ENE,27.6
BR_VIT,Vitória,16/01/2026,17:00,15.0,ENE,1.2,ENE,27.1
BR_VIT,Vitória,16/01/2026,18:00,13.0,NE,1.1,NE,26.5
BR_VIT,Vitória,16/01/2026,19:00,11.0,NE,1.1,NE,25.8
BR_VIT,Vitória,16/01/2026,20:00,10.0,NNE,1.0,NNE,25.0
BR_VIT,Vitória,16/01/2026,21:00,8.0,NNE,0.9,NNE,24.2
BR_VIT,Vitória,16/01/2026,22:00,8.0,N,0.9,N,23.5
BR_VIT,Vitória,16/01/2026,23:00,9.0,N,0.9,N,22.9
BR_VIT,Vitória,17/01/2026,0:00,6.0,NW,0.8,NW,22.4
BR_VIT,Vitória,17/01/2026,1:00,7.0,NNW,0.8,NNW,22.1
BR_VIT,Vitória,17/01/2026,2:00,9.0,NW,0.9,NW,22.0
BR_VIT,Vitória,17/01/2026,3:00,8.0,NNW,0.9,NNW,22.1
BR_VIT,Vitória,17/01/2026,4:00,9.0,NNW,0.9,NNW,22.4
BR_VIT,Vitória,17/01/2026,5:00,8.0,NNW,0.9,NNW,22.9
BR_VIT,Vitória,17/01/2026,6:00,9.0,N,0.9,N,23.5
BR_VIT,Vitória,17/01/2026,7:00,9.0,N,0.9,N,24.2
BR_VIT,Vitória,17/01/2026,8:00,13.0,NNE,1.1,NNE,25.0
BR_VIT,Vitória,17/01/2026,9:00,18.0,NE,1.4,NE,25.8
BR_VIT,Vitória,17/01/2026,10:00,22.0,NE,1.6,NE,26.5
BR_VIT,Vitória,17/01/2026,11:00,27.0,ENE,1.9,ENE,27.1
BR_VIT,Vitória,17/01/2026,12:00,27.0,ENE,1.9,ENE,27.6
BR_VIT,Vitória,17/01/2026,13:00,28.0,ENE,1.9,ENE,27.9
BR_VIT,Vitória,17/01/2026,14:00,29.0,ENE,1.9,ENE,28.0
BR_VIT,Vitória,17/01/2026,15:00,26.0,ENE,1.8,ENE,27.9
BR_VIT,Vitória,17/01/2026,16:00,24.0,NE,1.7,NE,27.6
BR_VIT,Vitória,17/01/2026,17:00,21.0,NE,1.6,NE,27.1
BR_VIT,Vitória,17/01/2026,18:00,19.0,NE,1.4,NE,26.5
BR_VIT,Vitória,17/01/2026,19:00,18.0,NE,1.4,NE,25.8
BR_VIT,Vitória,17/01/2026,20:00,16.0,NNE,1.3,NNE,25.0
BR_VIT,Vitória,17/01/2026,21:00,15.0,SE,1.2,SE,24.2
BR_VIT,Vitória,17/01/2026,22:00,14.0,WSW,1.2,WSW,23.5
BR_VIT,Vitória,17/01/2026,23:00,13.0,NNW,1.1,NNW,22.9
BR_VIT,Vitória,18/01/2026,0:00,13.0,N,1.1,N,22.4
BR_VIT,Vitória,18/01/2026,1:00,12.0,N,1.1,N,22.1
BR_VIT,Vitória,18/01/2026,2:00,11.0,N,1.1,N,22.0
BR_VIT,Vitória,18/01/2026,3:00,11.0,WSW,1.1,WSW,22.1
BR_VIT,Vitória,18/01/2026,4:00,12.0,ESE,1.1,ESE,22.4
BR_VIT,Vitória,18/01/2026,5:00,12.0,N,1.1,N,22.9
BR_VIT,Vitória,18/01/2026,6:00,14.0,NNE,1.2,NNE,23.5
BR_VIT,Vitória,18/01/2026,7:00,16.0,NNE,1.3,NNE,24.2
BR_VIT,Vitória,18/01/2026,8:00,18.0,NNE,1.4,NNE,25.0
BR_VIT,Vitória,18/01/2026,9:00,21.0,NE,1.6,NE,25.8
BR_VIT,Vitória,18/01/2026,10:00,24.0,NE,1.7,NE,26.5
BR_VIT,Vitória,18/01/2026,11:00,27.0,ENE,1.9,ENE,27.1
BR_VIT,Vitória,18/01/2026,12:00,28.0,ENE,1.9,ENE,27.6
BR_VIT,Vitória,18/01/2026,13:00,29.0,NE,1.9,NE,27.9
BR_VIT,Vitória,18/01/2026,14:00,30.0,NE,2.0,NE,28.0
BR_VIT,Vitória,18/01/2026,15:00,30.0,NE,2.0,NE,27.9
BR_VIT,Vitória,18/01/2026,16:00,29.0,NE,1.9,NE,27.6
BR_VIT,Vitória,18/01/2026,17:00,29.0,NE,1.9,NE,27.1
BR_VIT,Vitória,18/01/2026,18:00,27.0,NNE,1.9,NNE,26.5
BR_VIT,Vitória,18/01/2026,19:00,25.0,NNE,1.8,NNE,25.8
BR_VIT,Vitória,18/01/2026,20:00,23.0,NNE,1.6,NNE,25.0
BR_VIT,Vitória,18/01/2026,21:00,22.0,NNE,1.6,NNE,24.2
BR_VIT,Vitória,18/01/2026,22:00,22.0,N,1.6,N,23.5
BR_VIT,Vitória,18/01/2026,23:00,21.0,N,1.6,N,22.9
BR_VIT,Vitória,19/01/2026,0:00,20.0,N,1.5,N,22.4
BR_VIT,Vitória,19/01/2026,1:00,19.0,N,1.4,N,22.1
BR_VIT,Vitória,19/01/2026,2:00,18.0,N,1.4,N,22.0
BR_VIT,Vitória,19/01/2026,3:00,19.0,N,1.4,N,22.1
BR_VIT,Vitória,19/01/2026,4:00,20.0,N,1.5,N,22.4
BR_VIT,Vitória,19/01/2026,5:00,21.0,N,1.6,N,22.9
BR_VIT,Vitória,19/01/2026,6:00,22.0,N,1.6,N,23.5
BR_VIT,Vitória,19/01/2026,7:00,23.0,N,1.6,N,24.2
BR_VIT,Vitória,19/01/2026,8:00,24.0,N,1.7,N,25.0
BR_VIT,Vitória,19/01/2026,9:00,23.0,NNE,1.6,NNE,25.8
BR_VIT,Vitória,19/01/2026,10:00,21.0,NNE,1.6,NNE,26.5
BR_VIT,Vitória,19/01/2026,11:00,20.0,NNE,1.5,NNE,27.1
BR_VIT,Vitória,19/01/2026,12:00,22.0,NNE,1.6,NNE,27.6
BR_VIT,Vitória,19/01/2026,13:00,24.0,NNE,1.7,NNE,27.9
BR_VIT,Vitória,19/01/2026,14:00,27.0,NNE,1.9,NNE,28.0
BR_VIT,Vitória,19/01/2026,15:00,27.0,NNE,1.9,NNE,27.9
BR_VIT,Vitória,19/01/2026,16:00,28.0,NNE,1.9,NNE,27.6
BR_VIT,Vitória,19/01/2026,17:00,28.0,NNE,1.9,NNE,27.1
BR_VIT,Vitória,19/01/2026,18:00,27.0,NNE,1.9,NNE,26.5
BR_VIT,Vitória,19/01/2026,19:00,25.0,NNE,1.8,NNE,25.8
BR_VIT,Vitória,19/01/2026,20:00,23.0,N,1.6,N,25.0
BR_VIT,Vitória,19/01/2026,21:00,22.0,SE,1.6,SE,24.2
BR_VIT,Vitória,19/01/2026,22:00,21.0,WSW,1.6,WSW,23.5
BR_VIT,Vitória,19/01/2026,23:00,20.0,N,1.5,N,22.9
BR_SAL,Salvador,13/01/2026,0:00,20.0,E,1.5,E,22.4
BR_SAL,Salvador,13/01/2026,1:00,20.0,E,1.5,E,22.1
BR_SAL,Salvador,13/01/2026,2:00,19.0,E,1.4,E,22.0
BR_SAL,Salvador,13/01/2026,3:00,18.0,E,1.4,E,22.1
BR_SAL,Salvador,13/01/2026,4:00,17.0,E,1.4,E,22.4
BR_SAL,Salvador,13/01/2026,5:00,16.0,E,1.3,E,22.9
BR_SAL,Salvador,13/01/2026,6:00,15.0,E,1.2,E,23.5
BR_SAL,Salvador,13/01/2026,7:00,15.0,ESE,1.2,ESE,24.2
BR_SAL,Salvador,13/01/2026,8:00,15.0,ESE,1.2,ESE,25.0
BR_SAL,Salvador,13/01/2026,9:00,19.0,ESE,1.4,ESE,25.8
BR_SAL,Salvador,13/01/2026,10:00,23.0,ESE,1.6,ESE,26.5
BR_SAL,Salvador,13/01/2026,11:00,26.0,ESE,1.8,ESE,27.1
BR_SAL,Salvador,13/01/2026,12:00,27.0,ESE,1.9,ESE,27.6
BR_SAL,Salvador,13/01/2026,13:00,26.0,ESE,1.8,ESE,27.9
BR_SAL,Salvador,13/01/2026,14:00,25.0,ESE,1.8,ESE,28.0
BR_SAL,Salvador,13/01/2026,15:00,24.0,ESE,1.7,ESE,27.9
BR_SAL,Salvador,13/01/2026,16:00,23.0,ESE,1.6,ESE,27.6
BR_SAL,Salvador,13/01/2026,17:00,22.0,ESE,1.6,ESE,27.1
BR_SAL,Salvador,13/01/2026,18:00,22.0,ESE,1.6,ESE,26.5
BR_SAL,Salvador,13/01/2026,19:00,21.0,ESE,1.6,ESE,25.8
BR_SAL,Salvador,13/01/2026,20:00,22.0,ESE,1.6,ESE,25.0
BR_SAL,Salvador,13/01/2026,21:00,21.0,ESE,1.6,ESE,24.2
BR_SAL,Salvador,13/01/2026,22:00,23.0,ESE,1.6,ESE,23.5
BR_SAL,Salvador,13/01/2026,23:00,24.0,ESE,1.7,ESE,22.9
BR_SAL,Salvador,14/01/2026,0:00,25.0,ESE,1.8,ESE,22.4
BR_SAL,Salvador,14/01/2026,1:00,23.0,ESE,1.6,ESE,22.1
BR_SAL,Salvador,14/01/2026,2:00,20.0,ESE,1.5,ESE,22.0
BR_SAL,Salvador,14/01/2026,3:00,19.0,ESE,1.4,ESE,22.1
BR_SAL,Salvador,14/01/2026,4:00,19.0,ESE,1.4,ESE,22.4
BR_SAL,Salvador,14/01/2026,5:00,17.0,SE,1.4,SE,22.9
BR_SAL,Salvador,14/01/2026,6:00,17.0,SE,1.4,SE,23.5
BR_SAL,Salvador,14/01/2026,7:00,19.0,SE,1.4,SE,24.2
BR_SAL,Salvador,14/01/2026,8:00,22.0,SE,1.6,SE,25.0
BR_SAL,Salvador,14/01/2026,9:00,21.0,SE,1.6,SE,25.8
BR_SAL,Salvador,14/01/2026,10:00,20.0,SSE,1.5,SSE,26.5
BR_SAL,Salvador,14/01/2026,11:00,21.0,SE,1.6,SE,27.1
BR_SAL,Salvador,14/01/2026,12:00,24.0,SE,1.7,SE,27.6
BR_SAL,Salvador,14/01/2026,13:00,24.0,SE,1.7,SE,27.9
BR_SAL,Salvador,14/01/2026,14:00,24.0,SE,1.7,SE,28.0
BR_SAL,Salvador,14/01/2026,15:00,23.0,SE,1.6,SE,27.9
BR_SAL,Salvador,14/01/2026,16:00,21.0,SE,1.6,SE,27.6
BR_SAL,Salvador,14/01/2026,17:00,19.0,ESE,1.4,ESE,27.1
BR_SAL,Salvador,14/01/2026,18:00,18.0,ESE,1.4,ESE,26.5
BR_SAL,Salvador,14/01/2026,19:00,17.0,ESE,1.4,ESE,25.8
BR_SAL,Salvador,14/01/2026,20:00,17.0,E,1.4,E,25.0
BR_SAL,Salvador,14/01/2026,21:00,18.0,E,1.4,E,24.2
BR_SAL,Salvador,14/01/2026,22:00,19.0,E,1.4,E,23.5
BR_SAL,Salvador,14/01/2026,23:00,19.0,E,1.4,E,22.9
BR_SAL,Salvador,15/01/2026,0:00,19.0,E,1.4,E,22.4
BR_SAL,Salvador,15/01/2026,1:00,19.0,ESE,1.4,ESE,22.1
BR_SAL,Salvador,15/01/2026,2:00,21.0,ESE,1.6,ESE,22.0
BR_SAL,Salvador,15/01/2026,3:00,22.0,E,1.6,E,22.1
BR_SAL,Salvador,15/01/2026,4:00,22.0,E,1.6,E,22.4
BR_SAL,Salvador,15/01/2026,5:00,23.0,ESE,1.6,ESE,22.9
BR_SAL,Salvador,15/01/2026,6:00,22.0,ESE,1.6,ESE,23.5
BR_SAL,Salvador,15/01/2026,7:00,21.0,ESE,1.6,ESE,24.2
BR_SAL,Salvador,15/01/2026,8:00,21.0,ESE,1.6,ESE,25.0
BR_SAL,Salvador,15/01/2026,9:00,19.0,ESE,1.4,ESE,25.8
BR_SAL,Salvador,15/01/2026,10:00,19.0,SE,1.4,SE,26.5
BR_SAL,Salvador,15/01/2026,11:00,20.0,SE,1.5,SE,27.1
BR_SAL,Salvador,15/01/2026,12:00,21.0,SE,1.6,SE,27.6
BR_SAL,Salvador,15/01/2026,13:00,22.0,SE,1.6,SE,27.9
BR_SAL,Salvador,15/01/2026,14:00,24.0,SE,1.7,SE,28.0
BR_SAL,Salvador,15/01/2026,15:00,24.0,SE,1.7,SE,27.9
BR_SAL,Salvador,15/01/2026,16:00,23.0,SE,1.6,SE,27.6
BR_SAL,Salvador,15/01/2026,17:00,22.0,SE,1.6,SE,27.1
BR_SAL,Salvador,15/01/2026,18:00,21.0,SE,1.6,SE,26.5
BR_SAL,Salvador,15/01/2026,19:00,19.0,ESE,1.4,ESE,25.8
BR_SAL,Salvador,15/01/2026,20:00,19.0,ESE,1.4,ESE,25.0
BR_SAL,Salvador,15/01/2026,21:00,22.0,ESE,1.6,ESE,24.2
BR_SAL,Salvador,15/01/2026,22:00,22.0,ESE,1.6,ESE,23.5
BR_SAL,Salvador,15/01/2026,23:00,22.0,ESE,1.6,ESE,22.9
BR_SAL,Salvador,16/01/2026,0:00,21.0,ESE,1.6,ESE,22.4
BR_SAL,Salvador,16/01/2026,1:00,18.0,ESE,1.4,ESE,22.1
BR_SAL,Salvador,16/01/2026,2:00,15.0,SE,1.2,SE,22.0
BR_SAL,Salvador,16/01/2026,3:00,12.0,SE,1.1,SE,22.1
BR_SAL,Salvador,16/01/2026,4:00,11.0,SE,1.1,SE,22.4
BR_SAL,Salvador,16/01/2026,5:00,11.0,SSE,1.1,SSE,22.9
BR_SAL,Salvador,16/01/2026,6:00,12.0,S,1.1,S,23.5
BR_SAL,Salvador,16/01/2026,7:00,10.0,S,1.0,S,24.2
BR_SAL,Salvador,16/01/2026,8:00,10.0,S,1.0,S,25.0
BR_SAL,Salvador,16/01/2026,9:00,10.0,SSE,1.0,SSE,25.8
BR_SAL,Salvador,16/01/2026,10:00,13.0,SSE,1.1,SSE,26.5
BR_SAL,Salvador,16/01/2026,11:00,16.0,SSE,1.3,SSE,27.1
BR_SAL,Salvador,16/01/2026,12:00,19.0,S,1.4,S,27.6
BR_SAL,Salvador,16/01/2026,13:00,20.0,SSE,1.5,SSE,27.9
BR_SAL,Salvador,16/01/2026,14:00,20.0,SSE,1.5,SSE,28.0
BR_SAL,Salvador,16/01/2026,15:00,20.0,SSE,1.5,SSE,27.9
BR_SAL,Salvador,16/01/2026,16:00,19.0,SE,1.4,SE,27.6
BR_SAL,Salvador,16/01/2026,17:00,18.0,SE,1.4,SE,27.1
BR_SAL,Salvador,16/01/2026,18:00,18.0,ESE,1.4,ESE,26.5
BR_SAL,Salvador,16/01/2026,19:00,20.0,ESE,1.5,ESE,25.8
BR_SAL,Salvador,16/01/2026,20:00,21.0,ESE,1.6,ESE,25.0
BR_SAL,Salvador,16/01/2026,21:00,21.0,ESE,1.6,ESE,24.2
BR_SAL,Salvador,16/01/2026,22:00,21.0,ESE,1.6,ESE,23.5
BR_SAL,Salvador,16/01/2026,23:00,20.0,ESE,1.5,ESE,22.9
BR_SAL,Salvador,17/01/2026,0:00,20.0,ESE,1.5,ESE,22.4
BR_SAL,Salvador,17/01/2026,1:00,17.0,E,1.4,E,22.1
BR_SAL,Salvador,17/01/2026,2:00,13.0,ESE,1.1,ESE,22.0
BR_SAL,Salvador,17/01/2026,3:00,12.0,E,1.1,E,22.1
BR_SAL,Salvador,17/01/2026,4:00,10.0,E,1.0,E,22.4
BR_SAL,Salvador,17/01/2026,5:00,9.0,ESE,0.9,ESE,22.9
BR_SAL,Salvador,17/01/2026,6:00,4.0,ENE,0.7,ENE,23.5
BR_SAL,Salvador,17/01/2026,7:00,3.0,NE,0.7,NE,24.2
BR_SAL,Salvador,17/01/2026,8:00,9.0,SE,0.9,SE,25.0
BR_SAL,Salvador,17/01/2026,9:00,12.0,SE,1.1,SE,25.8
BR_SAL,Salvador,17/01/2026,10:00,14.0,SE,1.2,SE,26.5
BR_SAL,Salvador,17/01/2026,11:00,17.0,SSE,1.4,SSE,27.1
BR_SAL,Salvador,17/01/2026,12:00,18.0,SE,1.4,SE,27.6
BR_SAL,Salvador,17/01/2026,13:00,20.0,SE,1.5,SE,27.9
BR_SAL,Salvador,17/01/2026,14:00,22.0,SE,1.6,SE,28.0
BR_SAL,Salvador,17/01/2026,15:00,22.0,ESE,1.6,ESE,27.9
BR_SAL,Salvador,17/01/2026,16:00,23.0,ESE,1.6,ESE,27.6
BR_SAL,Salvador,17/01/2026,17:00,24.0,E,1.7,E,27.1
BR_SAL,Salvador,17/01/2026,18:00,23.0,E,1.6,E,26.5
BR_SAL,Salvador,17/01/2026,19:00,23.0,E,1.6,E,25.8
BR_SAL,Salvador,17/01/2026,20:00,22.0,ENE,1.6,ENE,25.0
BR_SAL,Salvador,17/01/2026,21:00,21.0,ENE,1.6,ENE,24.2
BR_SAL,Salvador,17/01/2026,22:00,21.0,ENE,1.6,ENE,23.5
BR_SAL,Salvador,17/01/2026,23:00,20.0,ENE,1.5,ENE,22.9
BR_SAL,Salvador,18/01/2026,0:00,19.0,ENE,1.4,ENE,22.4
BR_SAL,Salvador,18/01/2026,1:00,17.0,NE,1.4,NE,22.1
BR_SAL,Salvador,18/01/2026,2:00,15.0,NE,1.2,NE,22.0
BR_SAL,Salvador,18/01/2026,3:00,15.0,NE,1.2,NE,22.1
BR_SAL,Salvador,18/01/2026,4:00,14.0,NNE,1.2,NNE,22.4
BR_SAL,Salvador,18/01/2026,5:00,14.0,NNE,1.2,NNE,22.9
BR_SAL,Salvador,18/01/2026,6:00,13.0,NNE,1.1,NNE,23.5
BR_SAL,Salvador,18/01/2026,7:00,12.0,NNE,1.1,NNE,24.2
BR_SAL,Salvador,18/01/2026,8:00,11.0,NE,1.1,NE,25.0
BR_SAL,Salvador,18/01/2026,9:00,12.0,NE,1.1,NE,25.8
BR_SAL,Salvador,18/01/2026,10:00,13.0,ENE,1.1,ENE,26.5
BR_SAL,Salvador,18/01/2026,11:00,14.0,E,1.2,E,27.1
BR_SAL,Salvador,18/01/2026,12:00,18.0,E,1.4,E,27.6
BR_SAL,Salvador,18/01/2026,13:00,21.0,E,1.6,E,27.9
BR_SAL,Salvador,18/01/2026,14:00,25.0,E,1.8,E,28.0
BR_SAL,Salvador,18/01/2026,15:00,26.0,ENE,1.8,ENE,27.9
BR_SAL,Salvador,18/01/2026,16:00,28.0,ENE,1.9,ENE,27.6
BR_SAL,Salvador,18/01/2026,17:00,29.0,ENE,1.9,ENE,27.1
BR_SAL,Salvador,18/01/2026,18:00,29.0,ENE,1.9,ENE,26.5
BR_SAL,Salvador,18/01/2026,19:00,29.0,ENE,1.9,ENE,25.8
BR_SAL,Salvador,18/01/2026,20:00,30.0,ENE,2.0,ENE,25.0
BR_SAL,Salvador,18/01/2026,21:00,27.0,ENE,1.9,ENE,24.2
BR_SAL,Salvador,18/01/2026,22:00,25.0,ENE,1.8,ENE,23.5
BR_SAL,Salvador,18/01/2026,23:00,23.0,NE,1.6,NE,22.9
BR_SAL,Salvador,19/01/2026,0:00,21.0,NE,1.6,NE,22.4
BR_SAL,Salvador,19/01/2026,1:00,20.0,NE,1.5,NE,22.1
BR_SAL,Salvador,19/01/2026,2:00,19.0,NE,1.4,NE,22.0
BR_SAL,Salvador,19/01/2026,3:00,19.0,NE,1.4,NE,22.1
BR_SAL,Salvador,19/01/2026,4:00,18.0,NE,1.4,NE,22.4
BR_SAL,Salvador,19/01/2026,5:00,18.0,NE,1.4,NE,22.9
BR_SAL,Salvador,19/01/2026,6:00,18.0,NE,1.4,NE,23.5
BR_SAL,Salvador,19/01/2026,7:00,18.0,NE,1.4,NE,24.2
BR_SAL,Salvador,19/01/2026,8:00,17.0,NE,1.4,NE,25.0
BR_SAL,Salvador,19/01/2026,9:00,17.0,NE,1.4,NE,25.8
BR_SAL,Salvador,19/01/2026,10:00,16.0,ENE,1.3,ENE,26.5
BR_SAL,Salvador,19/01/2026,11:00,15.0,ENE,1.2,ENE,27.1
BR_SAL,Salvador,19/01/2026,12:00,19.0,ENE,1.4,ENE,27.6
BR_SAL,Salvador,19/01/2026,13:00,23.0,ENE,1.6,ENE,27.9
BR_SAL,Salvador,19/01/2026,14:00,27.0,ENE,1.9,ENE,28.0
BR_SAL,Salvador,19/01/2026,15:00,29.0,ENE,1.9,ENE,27.9
BR_SAL,Salvador,19/01/2026,16:00,31.0,ENE,2.0,ENE,27.6
BR_SAL,Salvador,19/01/2026,17:00,32.0,ENE,2.1,ENE,27.1
BR_SAL,Salvador,19/01/2026,18:00,31.0,ENE,2.0,ENE,26.5
BR_SAL,Salvador,19/01/2026,19:00,29.0,ENE,1.9,ENE,25.8
BR_SAL,Salvador,19/01/2026,20:00,27.0,NE,1.9,NE,25.0
BR_SAL,Salvador,19/01/2026,21:00,24.0,NE,1.7,NE,24.2
BR_SAL,Salvador,19/01/2026,22:00,22.0,NE,1.6,NE,23.5
BR_SAL,Salvador,19/01/2026,23:00,19.0,NE,1.4,NE,22.9
BR_REC,Recife,13/01/2026,0:00,18.0,SE,1.4,SE,22.4
BR_REC,Recife,13/01/2026,1:00,16.0,SE,1.3,SE,22.1
BR_REC,Recife,13/01/2026,2:00,15.0,SE,1.2,SE,22.0
BR_REC,Recife,13/01/2026,3:00,18.0,SE,1.4,SE,22.1
BR_REC,Recife,13/01/2026,4:00,23.0,SE,1.6,SE,22.4
BR_REC,Recife,13/01/2026,5:00,23.0,SE,1.6,SE,22.9
BR_REC,Recife,13/01/2026,6:00,26.0,SE,1.8,SE,23.5
BR_REC,Recife,13/01/2026,7:00,25.0,SE,1.8,SE,24.2
BR_REC,Recife,13/01/2026,8:00,23.0,SE,1.6,SE,25.0
BR_REC,Recife,13/01/2026,9:00,23.0,SE,1.6,SE,25.8
BR_REC,Recife,13/01/2026,10:00,23.0,SE,1.6,SE,26.5
BR_REC,Recife,13/01/2026,11:00,23.0,SE,1.6,SE,27.1
BR_REC,Recife,13/01/2026,12:00,19.0,SE,1.4,SE,27.6
BR_REC,Recife,13/01/2026,13:00,23.0,SE,1.6,SE,27.9
BR_REC,Recife,13/01/2026,14:00,22.0,SE,1.6,SE,28.0
BR_REC,Recife,13/01/2026,15:00,21.0,SE,1.6,SE,27.9
BR_REC,Recife,13/01/2026,16:00,20.0,SE,1.5,SE,27.6
BR_REC,Recife,13/01/2026,17:00,18.0,SE,1.4,SE,27.1
BR_REC,Recife,13/01/2026,18:00,19.0,SE,1.4,SE,26.5
BR_REC,Recife,13/01/2026,19:00,19.0,SE,1.4,SE,25.8
BR_REC,Recife,13/01/2026,20:00,20.0,SE,1.5,SE,25.0
BR_REC,Recife,13/01/2026,21:00,21.0,SE,1.6,SE,24.2
BR_REC,Recife,13/01/2026,22:00,21.0,SE,1.6,SE,23.5
BR_REC,Recife,13/01/2026,23:00,19.0,ESE,1.4,ESE,22.9
BR_REC,Recife,14/01/2026,0:00,18.0,ESE,1.4,ESE,22.4
BR_REC,Recife,14/01/2026,1:00,16.0,ESE,1.3,ESE,22.1
BR_REC,Recife,14/01/2026,2:00,14.0,ESE,1.2,ESE,22.0
BR_REC,Recife,14/01/2026,3:00,15.0,ESE,1.2,ESE,22.1
BR_REC,Recife,14/01/2026,4:00,18.0,ESE,1.4,ESE,22.4
BR_REC,Recife,14/01/2026,5:00,18.0,ESE,1.4,ESE,22.9
BR_REC,Recife,14/01/2026,6:00,21.0,ESE,1.6,ESE,23.5
BR_REC,Recife,14/01/2026,7:00,22.0,ESE,1.6,ESE,24.2
BR_REC,Recife,14/01/2026,8:00,22.0,ESE,1.6,ESE,25.0
BR_REC,Recife,14/01/2026,9:00,19.0,ESE,1.4,ESE,25.8
BR_REC,Recife,14/01/2026,10:00,18.0,ESE,1.4,ESE,26.5
BR_REC,Recife,14/01/2026,11:00,17.0,ESE,1.4,ESE,27.1
BR_REC,Recife,14/01/2026,12:00,16.0,ESE,1.3,ESE,27.6
BR_REC,Recife,14/01/2026,13:00,18.0,SE,1.4,SE,27.9
BR_REC,Recife,14/01/2026,14:00,18.0,SE,1.4,SE,28.0
BR_REC,Recife,14/01/2026,15:00,18.0,SE,1.4,SE,27.9
BR_REC,Recife,14/01/2026,16:00,17.0,SE,1.4,SE,27.6
BR_REC,Recife,14/01/2026,17:00,15.0,SE,1.2,SE,27.1
BR_REC,Recife,14/01/2026,18:00,15.0,SE,1.2,SE,26.5
BR_REC,Recife,14/01/2026,19:00,15.0,SE,1.2,SE,25.8
BR_REC,Recife,14/01/2026,20:00,15.0,ESE,1.2,ESE,25.0
BR_REC,Recife,14/01/2026,21:00,14.0,ESE,1.2,ESE,24.2
BR_REC,Recife,14/01/2026,22:00,15.0,ESE,1.2,ESE,23.5
BR_REC,Recife,14/01/2026,23:00,14.0,ESE,1.2,ESE,22.9
BR_REC,Recife,15/01/2026,0:00,13.0,ESE,1.1,ESE,22.4
BR_REC,Recife,15/01/2026,1:00,13.0,ESE,1.1,ESE,22.1
BR_REC,Recife,15/01/2026,2:00,12.0,ESE,1.1,ESE,22.0
BR_REC,Recife,15/01/2026,3:00,12.0,ESE,1.1,ESE,22.1
BR_REC,Recife,15/01/2026,4:00,10.0,E,1.0,E,22.4
BR_REC,Recife,15/01/2026,5:00,10.0,E,1.0,E,22.9
BR_REC,Recife,15/01/2026,6:00,12.0,E,1.1,E,23.5
BR_REC,Recife,15/01/2026,7:00,13.0,ENE,1.1,ENE,24.2
BR_REC,Recife,15/01/2026,8:00,14.0,E,1.2,E,25.0
BR_REC,Recife,15/01/2026,9:00,14.0,E,1.2,E,25.8
BR_REC,Recife,15/01/2026,10:00,15.0,E,1.2,E,26.5
BR_REC,Recife,15/01/2026,11:00,16.0,E,1.3,E,27.1
BR_REC,Recife,15/01/2026,12:00,17.0,E,1.4,E,27.6
BR_REC,Recife,15/01/2026,13:00,17.0,ESE,1.4,ESE,27.9
BR_REC,Recife,15/01/2026,14:00,18.0,ESE,1.4,ESE,28.0
BR_REC,Recife,15/01/2026,15:00,18.0,ESE,1.4,ESE,27.9
BR_REC,Recife,15/01/2026,16:00,18.0,ESE,1.4,ESE,27.6
BR_REC,Recife,15/01/2026,17:00,17.0,ESE,1.4,ESE,27.1
BR_REC,Recife,15/01/2026,18:00,18.0,ESE,1.4,ESE,26.5
BR_REC,Recife,15/01/2026,19:00,18.0,ESE,1.4,ESE,25.8
BR_REC,Recife,15/01/2026,20:00,18.0,ESE,1.4,ESE,25.0
BR_REC,Recife,15/01/2026,21:00,18.0,ESE,1.4,ESE,24.2
BR_REC,Recife,15/01/2026,22:00,18.0,ESE,1.4,ESE,23.5
BR_REC,Recife,15/01/2026,23:00,17.0,ESE,1.4,ESE,22.9
BR_REC,Recife,16/01/2026,0:00,17.0,ESE,1.4,ESE,22.4
BR_REC,Recife,16/01/2026,1:00,17.0,ESE,1.4,ESE,22.1
BR_REC,Recife,16/01/2026,2:00,16.0,ESE,1.3,ESE,22.0
BR_REC,Recife,16/01/2026,3:00,15.0,ESE,1.2,ESE,22.1
BR_REC,Recife,16/01/2026,4:00,16.0,ESE,1.3,ESE,22.4
BR_REC,Recife,16/01/2026,5:00,17.0,ESE,1.4,ESE,22.9
BR_REC,Recife,16/01/2026,6:00,17.0,ESE,1.4,ESE,23.5
BR_REC,Recife,16/01/2026,7:00,19.0,ESE,1.4,ESE,24.2
BR_REC,Recife,16/01/2026,8:00,18.0,ESE,1.4,ESE,25.0
BR_REC,Recife,16/01/2026,9:00,19.0,ESE,1.4,ESE,25.8
BR_REC,Recife,16/01/2026,10:00,19.0,ESE,1.4,ESE,26.5
BR_REC,Recife,16/01/2026,11:00,18.0,ESE,1.4,ESE,27.1
BR_REC,Recife,16/01/2026,12:00,17.0,ESE,1.4,ESE,27.6
BR_REC,Recife,16/01/2026,13:00,15.0,ESE,1.2,ESE,27.9
BR_REC,Recife,16/01/2026,14:00,15.0,ESE,1.2,ESE,28.0
BR_REC,Recife,16/01/2026,15:00,15.0,ESE,1.2,ESE,27.9
BR_REC,Recife,16/01/2026,16:00,15.0,ESE,1.2,ESE,27.6
BR_REC,Recife,16/01/2026,17:00,15.0,ESE,1.2,ESE,27.1
BR_REC,Recife,16/01/2026,18:00,15.0,ESE,1.2,ESE,26.5
BR_REC,Recife,16/01/2026,19:00,15.0,ESE,1.2,ESE,25.8
BR_REC,Recife,16/01/2026,20:00,16.0,ESE,1.3,ESE,25.0
BR_REC,Recife,16/01/2026,21:00,13.0,E,1.1,E,24.2
BR_REC,Recife,16/01/2026,22:00,13.0,E,1.1,E,23.5
BR_REC,Recife,16/01/2026,23:00,14.0,E,1.2,E,22.9
BR_REC,Recife,17/01/2026,0:00,13.0,E,1.1,E,22.4
BR_REC,Recife,17/01/2026,1:00,13.0,E,1.1,E,22.1
BR_REC,Recife,17/01/2026,2:00,13.0,E,1.1,E,22.0
BR_REC,Recife,17/01/2026,3:00,13.0,E,1.1,E,22.1
BR_REC,Recife,17/01/2026,4:00,12.0,E,1.1,E,22.4
BR_REC,Recife,17/01/2026,5:00,12.0,ENE,1.1,ENE,22.9
BR_REC,Recife,17/01/2026,6:00,15.0,ENE,1.2,ENE,23.5
BR_REC,Recife,17/01/2026,7:00,15.0,ENE,1.2,ENE,24.2
BR_REC,Recife,17/01/2026,8:00,15.0,ENE,1.2,ENE,25.0
BR_REC,Recife,17/01/2026,9:00,15.0,ENE,1.2,ENE,25.8
BR_REC,Recife,17/01/2026,10:00,16.0,ENE,1.3,ENE,26.5
BR_REC,Recife,17/01/2026,11:00,16.0,ENE,1.3,ENE,27.1
BR_REC,Recife,17/01/2026,12:00,17.0,E,1.4,E,27.6
BR_REC,Recife,17/01/2026,13:00,17.0,E,1.4,E,27.9
BR_REC,Recife,17/01/2026,14:00,17.0,E,1.4,E,28.0
BR_REC,Recife,17/01/2026,15:00,17.0,E,1.4,E,27.9
BR_REC,Recife,17/01/2026,16:00,17.0,E,1.4,E,27.6
BR_REC,Recife,17/01/2026,17:00,17.0,E,1.4,E,27.1
BR_REC,Recife,17/01/2026,18:00,18.0,ENE,1.4,ENE,26.5
BR_REC,Recife,17/01/2026,19:00,18.0,ENE,1.4,ENE,25.8
BR_REC,Recife,17/01/2026,20:00,19.0,ENE,1.4,ENE,25.0
BR_REC,Recife,17/01/2026,21:00,18.0,ENE,1.4,ENE,24.2
BR_REC,Recife,17/01/2026,22:00,16.0,ENE,1.3,ENE,23.5
BR_REC,Recife,17/01/2026,23:00,15.0,E,1.2,E,22.9
BR_REC,Recife,18/01/2026,0:00,15.0,ENE,1.2,ENE,22.4
BR_REC,Recife,18/01/2026,1:00,16.0,ENE,1.3,ENE,22.1
BR_REC,Recife,18/01/2026,2:00,16.0,ENE,1.3,ENE,22.0
BR_REC,Recife,18/01/2026,3:00,16.0,ENE,1.3,ENE,22.1
BR_REC,Recife,18/01/2026,4:00,17.0,ENE,1.4,ENE,22.4
BR_REC,Recife,18/01/2026,5:00,17.0,ENE,1.4,ENE,22.9
BR_REC,Recife,18/01/2026,6:00,18.0,ENE,1.4,ENE,23.5
BR_REC,Recife,18/01/2026,7:00,18.0,ENE,1.4,ENE,24.2
BR_REC,Recife,18/01/2026,8:00,19.0,ENE,1.4,ENE,25.0
BR_REC,Recife,18/01/2026,9:00,19.0,ENE,1.4,ENE,25.8
BR_REC,Recife,18/01/2026,10:00,19.0,ENE,1.4,ENE,26.5
BR_REC,Recife,18/01/2026,11:00,19.0,ENE,1.4,ENE,27.1
BR_REC,Recife,18/01/2026,12:00,18.0,ENE,1.4,ENE,27.6
BR_REC,Recife,18/01/2026,13:00,18.0,ENE,1.4,ENE,27.9
BR_REC,Recife,18/01/2026,14:00,18.0,ENE,1.4,ENE,28.0
BR_REC,Recife,18/01/2026,15:00,17.0,ENE,1.4,ENE,27.9
BR_REC,Recife,18/01/2026,16:00,17.0,ENE,1.4,ENE,27.6
BR_REC,Recife,18/01/2026,17:00,16.0,ENE,1.3,ENE,27.1
BR_REC,Recife,18/01/2026,18:00,17.0,ENE,1.4,ENE,26.5
BR_REC,Recife,18/01/2026,19:00,17.0,ENE,1.4,ENE,25.8
BR_REC,Recife,18/01/2026,20:00,17.0,ENE,1.4,ENE,25.0
BR_REC,Recife,18/01/2026,21:00,18.0,ENE,1.4,ENE,24.2
BR_REC,Recife,18/01/2026,22:00,19.0,ENE,1.4,ENE,23.5
BR_REC,Recife,18/01/2026,23:00,20.0,ENE,1.5,ENE,22.9
BR_REC,Recife,19/01/2026,0:00,19.0,ENE,1.4,ENE,22.4
BR_REC,Recife,19/01/2026,1:00,19.0,ENE,1.4,ENE,22.1
BR_REC,Recife,19/01/2026,2:00,18.0,ENE,1.4,ENE,22.0
BR_REC,Recife,19/01/2026,3:00,18.0,ENE,1.4,ENE,22.1
BR_REC,Recife,19/01/2026,4:00,18.0,ENE,1.4,ENE,22.4
BR_REC,Recife,19/01/2026,5:00,18.0,ENE,1.4,ENE,22.9
BR_REC,Recife,19/01/2026,6:00,18.0,ENE,1.4,ENE,23.5
BR_REC,Recife,19/01/2026,7:00,17.0,ENE,1.4,ENE,24.2
BR_REC,Recife,19/01/2026,8:00,17.0,ENE,1.4,ENE,25.0
BR_REC,Recife,19/01/2026,9:00,17.0,ENE,1.4,ENE,25.8
BR_REC,Recife,19/01/2026,10:00,17.0,ENE,1.4,ENE,26.5
BR_REC,Recife,19/01/2026,11:00,17.0,ENE,1.4,ENE,27.1
BR_REC,Recife,19/01/2026,12:00,17.0,ENE,1.4,ENE,27.6
BR_REC,Recife,19/01/2026,13:00,18.0,ENE,1.4,ENE,27.9
BR_REC,Recife,19/01/2026,14:00,18.0,ENE,1.4,ENE,28.0
BR_REC,Recife,19/01/2026,15:00,17.0,ENE,1.4,ENE,27.9
BR_REC,Recife,19/01/2026,16:00,17.0,ENE,1.4,ENE,27.6
BR_REC,Recife,19/01/2026,17:00,17.0,E,1.4,E,27.1
BR_REC,Recife,19/01/2026,18:00,17.0,E,1.4,E,26.5
BR_REC,Recife,19/01/2026,19:00,18.0,ENE,1.4,ENE,25.8
BR_REC,Recife,19/01/2026,20:00,19.0,ENE,1.4,ENE,25.0
BR_REC,Recife,19/01/2026,21:00,18.0,ENE,1.4,ENE,24.2
BR_REC,Recife,19/01/2026,22:00,17.0,ENE,1.4,ENE,23.5
BR_REC,Recife,19/01/2026,23:00,17.0,ENE,1.4,ENE,22.9
BR_SUA,Suape,13/01/2026,0:00,12.0,SE,1.1,SE,22.4
BR_SUA,Suape,13/01/2026,1:00,11.0,SE,1.1,SE,22.1
BR_SUA,Suape,13/01/2026,2:00,10.0,SE,1.0,SE,22.0
BR_SUA,Suape,13/01/2026,3:00,9.0,SSE,0.9,SSE,22.1
BR_SUA,Suape,13/01/2026,4:00,12.0,SSE,1.1,SSE,22.4
BR_SUA,Suape,13/01/2026,5:00,14.0,SE,1.2,SE,22.9
BR_SUA,Suape,13/01/2026,6:00,17.0,SE,1.4,SE,23.5
BR_SUA,Suape,13/01/2026,7:00,19.0,SE,1.4,SE,24.2
BR_SUA,Suape,13/01/2026,8:00,21.0,SE,1.6,SE,25.0
BR_SUA,Suape,13/01/2026,9:00,20.0,SE,1.5,SE,25.8
BR_SUA,Suape,13/01/2026,10:00,20.0,SE,1.5,SE,26.5
BR_SUA,Suape,13/01/2026,11:00,21.0,SE,1.6,SE,27.1
BR_SUA,Suape,13/01/2026,12:00,22.0,SE,1.6,SE,27.6
BR_SUA,Suape,13/01/2026,13:00,22.0,ESE,1.6,ESE,27.9
BR_SUA,Suape,13/01/2026,14:00,22.0,ESE,1.6,ESE,28.0
BR_SUA,Suape,13/01/2026,15:00,21.0,SE,1.6,SE,27.9
BR_SUA,Suape,13/01/2026,16:00,19.0,SE,1.4,SE,27.6
BR_SUA,Suape,13/01/2026,17:00,18.0,SE,1.4,SE,27.1
BR_SUA,Suape,13/01/2026,18:00,15.0,SE,1.2,SE,26.5
BR_SUA,Suape,13/01/2026,19:00,14.0,SSE,1.2,SSE,25.8
BR_SUA,Suape,13/01/2026,20:00,14.0,SE,1.2,SE,25.0
BR_SUA,Suape,13/01/2026,21:00,14.0,SE,1.2,SE,24.2
BR_SUA,Suape,13/01/2026,22:00,15.0,SE,1.2,SE,23.5
BR_SUA,Suape,13/01/2026,23:00,13.0,SE,1.1,SE,22.9
BR_SUA,Suape,14/01/2026,0:00,11.0,SE,1.1,SE,22.4
BR_SUA,Suape,14/01/2026,1:00,10.0,SE,1.0,SE,22.1
BR_SUA,Suape,14/01/2026,2:00,8.0,SSE,0.9,SSE,22.0
BR_SUA,Suape,14/01/2026,3:00,8.0,SSE,0.9,SSE,22.1
BR_SUA,Suape,14/01/2026,4:00,8.0,SSE,0.9,SSE,22.4
BR_SUA,Suape,14/01/2026,5:00,9.0,SE,0.9,SE,22.9
BR_SUA,Suape,14/01/2026,6:00,9.0,SE,0.9,SE,23.5
BR_SUA,Suape,14/01/2026,7:00,17.0,ESE,1.4,ESE,24.2
BR_SUA,Suape,14/01/2026,8:00,19.0,ESE,1.4,ESE,25.0
BR_SUA,Suape,14/01/2026,9:00,19.0,ESE,1.4,ESE,25.8
BR_SUA,Suape,14/01/2026,10:00,18.0,ESE,1.4,ESE,26.5
BR_SUA,Suape,14/01/2026,11:00,18.0,E,1.4,E,27.1
BR_SUA,Suape,14/01/2026,12:00,17.0,E,1.4,E,27.6
BR_SUA,Suape,14/01/2026,13:00,17.0,ESE,1.4,ESE,27.9
BR_SUA,Suape,14/01/2026,14:00,17.0,ESE,1.4,ESE,28.0
BR_SUA,Suape,14/01/2026,15:00,17.0,ESE,1.4,ESE,27.9
BR_SUA,Suape,14/01/2026,16:00,15.0,ESE,1.2,ESE,27.6
BR_SUA,Suape,14/01/2026,17:00,13.0,ESE,1.1,ESE,27.1
BR_SUA,Suape,14/01/2026,18:00,10.0,ESE,1.0,ESE,26.5
BR_SUA,Suape,14/01/2026,19:00,9.0,SE,0.9,SE,25.8
BR_SUA,Suape,14/01/2026,20:00,9.0,SE,0.9,SE,25.0
BR_SUA,Suape,14/01/2026,21:00,8.0,SE,0.9,SE,24.2
BR_SUA,Suape,14/01/2026,22:00,7.0,SE,0.8,SE,23.5
BR_SUA,Suape,14/01/2026,23:00,7.0,SE,0.8,SE,22.9
BR_SUA,Suape,15/01/2026,0:00,6.0,SE,0.8,SE,22.4
BR_SUA,Suape,15/01/2026,1:00,6.0,SE,0.8,SE,22.1
BR_SUA,Suape,15/01/2026,2:00,5.0,SE,0.8,SE,22.0
BR_SUA,Suape,15/01/2026,3:00,4.0,SE,0.7,SE,22.1
BR_SUA,Suape,15/01/2026,4:00,4.0,ESE,0.7,ESE,22.4
BR_SUA,Suape,15/01/2026,5:00,2.0,ESE,0.6,ESE,22.9
BR_SUA,Suape,15/01/2026,6:00,1.0,SE,0.6,SE,23.5
BR_SUA,Suape,15/01/2026,7:00,3.0,ESE,0.7,ESE,24.2
BR_SUA,Suape,15/01/2026,8:00,7.0,E,0.8,E,25.0
BR_SUA,Suape,15/01/2026,9:00,10.0,E,1.0,E,25.8
BR_SUA,Suape,15/01/2026,10:00,13.0,E,1.1,E,26.5
BR_SUA,Suape,15/01/2026,11:00,15.0,E,1.2,E,27.1
BR_SUA,Suape,15/01/2026,12:00,17.0,E,1.4,E,27.6
BR_SUA,Suape,15/01/2026,13:00,17.0,E,1.4,E,27.9
BR_SUA,Suape,15/01/2026,14:00,17.0,ESE,1.4,ESE,28.0
BR_SUA,Suape,15/01/2026,15:00,18.0,ESE,1.4,ESE,27.9
BR_SUA,Suape,15/01/2026,16:00,17.0,ESE,1.4,ESE,27.6
BR_SUA,Suape,15/01/2026,17:00,15.0,ESE,1.2,ESE,27.1
BR_SUA,Suape,15/01/2026,18:00,14.0,ESE,1.2,ESE,26.5
BR_SUA,Suape,15/01/2026,19:00,13.0,ESE,1.1,ESE,25.8
BR_SUA,Suape,15/01/2026,20:00,12.0,ESE,1.1,ESE,25.0
BR_SUA,Suape,15/01/2026,21:00,13.0,ESE,1.1,ESE,24.2
BR_SUA,Suape,15/01/2026,22:00,12.0,ESE,1.1,ESE,23.5
BR_SUA,Suape,15/01/2026,23:00,12.0,ESE,1.1,ESE,22.9
BR_SUA,Suape,16/01/2026,0:00,11.0,ESE,1.1,ESE,22.4
BR_SUA,Suape,16/01/2026,1:00,10.0,ESE,1.0,ESE,22.1
BR_SUA,Suape,16/01/2026,2:00,10.0,ESE,1.0,ESE,22.0
BR_SUA,Suape,16/01/2026,3:00,10.0,ESE,1.0,ESE,22.1
BR_SUA,Suape,16/01/2026,4:00,10.0,ESE,1.0,ESE,22.4
BR_SUA,Suape,16/01/2026,5:00,10.0,ESE,1.0,ESE,22.9
BR_SUA,Suape,16/01/2026,6:00,10.0,SE,1.0,SE,23.5
BR_SUA,Suape,16/01/2026,7:00,14.0,ESE,1.2,ESE,24.2
BR_SUA,Suape,16/01/2026,8:00,15.0,ESE,1.2,ESE,25.0
BR_SUA,Suape,16/01/2026,9:00,16.0,ESE,1.3,ESE,25.8
BR_SUA,Suape,16/01/2026,10:00,18.0,ESE,1.4,ESE,26.5
BR_SUA,Suape,16/01/2026,11:00,18.0,ESE,1.4,ESE,27.1
BR_SUA,Suape,16/01/2026,12:00,17.0,ESE,1.4,ESE,27.6
BR_SUA,Suape,16/01/2026,13:00,17.0,ESE,1.4,ESE,27.9
BR_SUA,Suape,16/01/2026,14:00,17.0,ESE,1.4,ESE,28.0
BR_SUA,Suape,16/01/2026,15:00,16.0,E,1.3,E,27.9
BR_SUA,Suape,16/01/2026,16:00,15.0,ESE,1.2,ESE,27.6
BR_SUA,Suape,16/01/2026,17:00,14.0,ESE,1.2,ESE,27.1
BR_SUA,Suape,16/01/2026,18:00,12.0,ESE,1.1,ESE,26.5
BR_SUA,Suape,16/01/2026,19:00,10.0,ESE,1.0,ESE,25.8
BR_SUA,Suape,16/01/2026,20:00,10.0,ESE,1.0,ESE,25.0
BR_SUA,Suape,16/01/2026,21:00,11.0,ESE,1.1,ESE,24.2
BR_SUA,Suape,16/01/2026,22:00,9.0,E,0.9,E,23.5
BR_SUA,Suape,16/01/2026,23:00,8.0,E,0.9,E,22.9
BR_SUA,Suape,17/01/2026,0:00,8.0,E,0.9,E,22.4
BR_SUA,Suape,17/01/2026,1:00,8.0,E,0.9,E,22.1
BR_SUA,Suape,17/01/2026,2:00,8.0,E,0.9,E,22.0
BR_SUA,Suape,17/01/2026,3:00,9.0,E,0.9,E,22.1
BR_SUA,Suape,17/01/2026,4:00,8.0,ENE,0.9,ENE,22.4
BR_SUA,Suape,17/01/2026,5:00,9.0,ENE,0.9,ENE,22.9
BR_SUA,Suape,17/01/2026,6:00,8.0,ENE,0.9,ENE,23.5
BR_SUA,Suape,17/01/2026,7:00,13.0,ENE,1.1,ENE,24.2
BR_SUA,Suape,17/01/2026,8:00,14.0,ENE,1.2,ENE,25.0
BR_SUA,Suape,17/01/2026,9:00,14.0,ENE,1.2,ENE,25.8
BR_SUA,Suape,17/01/2026,10:00,16.0,ENE,1.3,ENE,26.5
BR_SUA,Suape,17/01/2026,11:00,17.0,ENE,1.4,ENE,27.1
BR_SUA,Suape,17/01/2026,12:00,19.0,ENE,1.4,ENE,27.6
BR_SUA,Suape,17/01/2026,13:00,19.0,E,1.4,E,27.9
BR_SUA,Suape,17/01/2026,14:00,18.0,E,1.4,E,28.0
BR_SUA,Suape,17/01/2026,15:00,18.0,E,1.4,E,27.9
BR_SUA,Suape,17/01/2026,16:00,17.0,E,1.4,E,27.6
BR_SUA,Suape,17/01/2026,17:00,16.0,E,1.3,E,27.1
BR_SUA,Suape,17/01/2026,18:00,15.0,E,1.2,E,26.5
BR_SUA,Suape,17/01/2026,19:00,14.0,ENE,1.2,ENE,25.8
BR_SUA,Suape,17/01/2026,20:00,13.0,ENE,1.1,ENE,25.0
BR_SUA,Suape,17/01/2026,21:00,13.0,ENE,1.1,ENE,24.2
BR_SUA,Suape,17/01/2026,22:00,12.0,ENE,1.1,ENE,23.5
BR_SUA,Suape,17/01/2026,23:00,12.0,ENE,1.1,ENE,22.9
BR_SUA,Suape,18/01/2026,0:00,11.0,ENE,1.1,ENE,22.4
BR_SUA,Suape,18/01/2026,1:00,10.0,ENE,1.0,ENE,22.1
BR_SUA,Suape,18/01/2026,2:00,10.0,ENE,1.0,ENE,22.0
BR_SUA,Suape,18/01/2026,3:00,9.0,ENE,0.9,ENE,22.1
BR_SUA,Suape,18/01/2026,4:00,10.0,NE,1.0,NE,22.4
BR_SUA,Suape,18/01/2026,5:00,11.0,NE,1.1,NE,22.9
BR_SUA,Suape,18/01/2026,6:00,12.0,NE,1.1,NE,23.5
BR_SUA,Suape,18/01/2026,7:00,14.0,ENE,1.2,ENE,24.2
BR_SUA,Suape,18/01/2026,8:00,16.0,ENE,1.3,ENE,25.0
BR_SUA,Suape,18/01/2026,9:00,18.0,ENE,1.4,ENE,25.8
BR_SUA,Suape,18/01/2026,10:00,19.0,ENE,1.4,ENE,26.5
BR_SUA,Suape,18/01/2026,11:00,19.0,ENE,1.4,ENE,27.1
BR_SUA,Suape,18/01/2026,12:00,20.0,ENE,1.5,ENE,27.6
BR_SUA,Suape,18/01/2026,13:00,19.0,ENE,1.4,ENE,27.9
BR_SUA,Suape,18/01/2026,14:00,19.0,ENE,1.4,ENE,28.0
BR_SUA,Suape,18/01/2026,15:00,19.0,ENE,1.4,ENE,27.9
BR_SUA,Suape,18/01/2026,16:00,18.0,ENE,1.4,ENE,27.6
BR_SUA,Suape,18/01/2026,17:00,16.0,ENE,1.3,ENE,27.1
BR_SUA,Suape,18/01/2026,18:00,14.0,ENE,1.2,ENE,26.5
BR_SUA,Suape,18/01/2026,19:00,14.0,ENE,1.2,ENE,25.8
BR_SUA,Suape,18/01/2026,20:00,14.0,ENE,1.2,ENE,25.0
BR_SUA,Suape,18/01/2026,21:00,13.0,ENE,1.1,ENE,24.2
BR_SUA,Suape,18/01/2026,22:00,13.0,ENE,1.1,ENE,23.5
BR_SUA,Suape,18/01/2026,23:00,13.0,ENE,1.1,ENE,22.9
BR_SUA,Suape,19/01/2026,0:00,13.0,ENE,1.1,ENE,22.4
BR_SUA,Suape,19/01/2026,1:00,13.0,ENE,1.1,ENE,22.1
BR_SUA,Suape,19/01/2026,2:00,13.0,ENE,1.1,ENE,22.0
BR_SUA,Suape,19/01/2026,3:00,14.0,NE,1.2,NE,22.1
BR_SUA,Suape,19/01/2026,4:00,14.0,NE,1.2,NE,22.4
BR_SUA,Suape,19/01/2026,5:00,14.0,NE,1.2,NE,22.9
BR_SUA,Suape,19/01/2026,6:00,14.0,NE,1.2,NE,23.5
BR_SUA,Suape,19/01/2026,7:00,15.0,ENE,1.2,ENE,24.2
BR_SUA,Suape,19/01/2026,8:00,16.0,ENE,1.3,ENE,25.0
BR_SUA,Suape,19/01/2026,9:00,17.0,ENE,1.4,ENE,25.8
BR_SUA,Suape,19/01/2026,10:00,18.0,ENE,1.4,ENE,26.5
BR_SUA,Suape,19/01/2026,11:00,18.0,ENE,1.4,ENE,27.1
BR_SUA,Suape,19/01/2026,12:00,19.0,ENE,1.4,ENE,27.6
BR_SUA,Suape,19/01/2026,13:00,18.0,E,1.4,E,27.9
BR_SUA,Suape,19/01/2026,14:00,18.0,E,1.4,E,28.0
BR_SUA,Suape,19/01/2026,15:00,18.0,E,1.4,E,27.9
BR_SUA,Suape,19/01/2026,16:00,17.0,E,1.4,E,27.6
BR_SUA,Suape,19/01/2026,17:00,15.0,E,1.2,E,27.1
BR_SUA,Suape,19/01/2026,18:00,14.0,E,1.2,E,26.5
BR_SUA,Suape,19/01/2026,19:00,14.0,ENE,1.2,ENE,25.8
BR_SUA,Suape,19/01/2026,20:00,13.0,ENE,1.1,ENE,25.0
BR_SUA,Suape,19/01/2026,21:00,13.0,ENE,1.1,ENE,24.2
BR_SUA,Suape,19/01/2026,22:00,13.0,ENE,1.1,ENE,23.5
BR_SUA,Suape,19/01/2026,23:00,13.0,ENE,1.1,ENE,22.9
BR_FOR,Fortaleza,13/01/2026,0:00,19.0,ESE,1.4,ESE,22.4
BR_FOR,Fortaleza,13/01/2026,1:00,21.0,ESE,1.6,ESE,22.1
BR_FOR,Fortaleza,13/01/2026,2:00,22.0,ESE,1.6,ESE,22.0
BR_FOR,Fortaleza,13/01/2026,3:00,21.0,ESE,1.6,ESE,22.1
BR_FOR,Fortaleza,13/01/2026,4:00,21.0,SE,1.6,SE,22.4
BR_FOR,Fortaleza,13/01/2026,5:00,21.0,SE,1.6,SE,22.9
BR_FOR,Fortaleza,13/01/2026,6:00,21.0,SE,1.6,SE,23.5
BR_FOR,Fortaleza,13/01/2026,7:00,21.0,SE,1.6,SE,24.2
BR_FOR,Fortaleza,13/01/2026,8:00,22.0,SE,1.6,SE,25.0
BR_FOR,Fortaleza,13/01/2026,9:00,24.0,ESE,1.7,ESE,25.8
BR_FOR,Fortaleza,13/01/2026,10:00,26.0,ESE,1.8,ESE,26.5
BR_FOR,Fortaleza,13/01/2026,11:00,27.0,ESE,1.9,ESE,27.1
BR_FOR,Fortaleza,13/01/2026,12:00,26.0,E,1.8,E,27.6
BR_FOR,Fortaleza,13/01/2026,13:00,25.0,E,1.8,E,27.9
BR_FOR,Fortaleza,13/01/2026,14:00,24.0,E,1.7,E,28.0
BR_FOR,Fortaleza,13/01/2026,15:00,23.0,E,1.6,E,27.9
BR_FOR,Fortaleza,13/01/2026,16:00,19.0,E,1.4,E,27.6
BR_FOR,Fortaleza,13/01/2026,17:00,17.0,E,1.4,E,27.1
BR_FOR,Fortaleza,13/01/2026,18:00,16.0,E,1.3,E,26.5
BR_FOR,Fortaleza,13/01/2026,19:00,17.0,E,1.4,E,25.8
BR_FOR,Fortaleza,13/01/2026,20:00,18.0,E,1.4,E,25.0
BR_FOR,Fortaleza,13/01/2026,21:00,20.0,E,1.5,E,24.2
BR_FOR,Fortaleza,13/01/2026,22:00,22.0,E,1.6,E,23.5
BR_FOR,Fortaleza,13/01/2026,23:00,22.0,E,1.6,E,22.9
BR_FOR,Fortaleza,14/01/2026,0:00,24.0,ESE,1.7,ESE,22.4
BR_FOR,Fortaleza,14/01/2026,1:00,24.0,ESE,1.7,ESE,22.1
BR_FOR,Fortaleza,14/01/2026,2:00,24.0,ESE,1.7,ESE,22.0
BR_FOR,Fortaleza,14/01/2026,3:00,23.0,SE,1.6,SE,22.1
BR_FOR,Fortaleza,14/01/2026,4:00,21.0,SE,1.6,SE,22.4
BR_FOR,Fortaleza,14/01/2026,5:00,19.0,SE,1.4,SE,22.9
BR_FOR,Fortaleza,14/01/2026,6:00,19.0,SE,1.4,SE,23.5
BR_FOR,Fortaleza,14/01/2026,7:00,21.0,SE,1.6,SE,24.2
BR_FOR,Fortaleza,14/01/2026,8:00,22.0,ESE,1.6,ESE,25.0
BR_FOR,Fortaleza,14/01/2026,9:00,23.0,ESE,1.6,ESE,25.8
BR_FOR,Fortaleza,14/01/2026,10:00,23.0,ESE,1.6,ESE,26.5
BR_FOR,Fortaleza,14/01/2026,11:00,23.0,E,1.6,E,27.1
BR_FOR,Fortaleza,14/01/2026,12:00,23.0,E,1.6,E,27.6
BR_FOR,Fortaleza,14/01/2026,13:00,23.0,E,1.6,E,27.9
BR_FOR,Fortaleza,14/01/2026,14:00,23.0,E,1.6,E,28.0
BR_FOR,Fortaleza,14/01/2026,15:00,22.0,E,1.6,E,27.9
BR_FOR,Fortaleza,14/01/2026,16:00,22.0,ENE,1.6,ENE,27.6
BR_FOR,Fortaleza,14/01/2026,17:00,20.0,ENE,1.5,ENE,27.1
BR_FOR,Fortaleza,14/01/2026,18:00,19.0,E,1.4,E,26.5
BR_FOR,Fortaleza,14/01/2026,19:00,19.0,E,1.4,E,25.8
BR_FOR,Fortaleza,14/01/2026,20:00,19.0,E,1.4,E,25.0
BR_FOR,Fortaleza,14/01/2026,21:00,19.0,E,1.4,E,24.2
BR_FOR,Fortaleza,14/01/2026,22:00,19.0,E,1.4,E,23.5
BR_FOR,Fortaleza,14/01/2026,23:00,19.0,E,1.4,E,22.9
BR_FOR,Fortaleza,15/01/2026,0:00,20.0,E,1.5,E,22.4
BR_FOR,Fortaleza,15/01/2026,1:00,20.0,E,1.5,E,22.1
BR_FOR,Fortaleza,15/01/2026,2:00,19.0,ESE,1.4,ESE,22.0
BR_FOR,Fortaleza,15/01/2026,3:00,19.0,ESE,1.4,ESE,22.1
BR_FOR,Fortaleza,15/01/2026,4:00,18.0,ESE,1.4,ESE,22.4
BR_FOR,Fortaleza,15/01/2026,5:00,18.0,ESE,1.4,ESE,22.9
BR_FOR,Fortaleza,15/01/2026,6:00,21.0,ESE,1.6,ESE,23.5
BR_FOR,Fortaleza,15/01/2026,7:00,21.0,ESE,1.6,ESE,24.2
BR_FOR,Fortaleza,15/01/2026,8:00,21.0,ESE,1.6,ESE,25.0
BR_FOR,Fortaleza,15/01/2026,9:00,21.0,ESE,1.6,ESE,25.8
BR_FOR,Fortaleza,15/01/2026,10:00,21.0,ESE,1.6,ESE,26.5
BR_FOR,Fortaleza,15/01/2026,11:00,21.0,E,1.6,E,27.1
BR_FOR,Fortaleza,15/01/2026,12:00,22.0,E,1.6,E,27.6
BR_FOR,Fortaleza,15/01/2026,13:00,22.0,E,1.6,E,27.9
BR_FOR,Fortaleza,15/01/2026,14:00,22.0,E,1.6,E,28.0
BR_FOR,Fortaleza,15/01/2026,15:00,22.0,ENE,1.6,ENE,27.9
BR_FOR,Fortaleza,15/01/2026,16:00,21.0,ENE,1.6,ENE,27.6
BR_FOR,Fortaleza,15/01/2026,17:00,18.0,ENE,1.4,ENE,27.1
BR_FOR,Fortaleza,15/01/2026,18:00,16.0,ENE,1.3,ENE,26.5
BR_FOR,Fortaleza,15/01/2026,19:00,15.0,E,1.2,E,25.8
BR_FOR,Fortaleza,15/01/2026,20:00,16.0,E,1.3,E,25.0
BR_FOR,Fortaleza,15/01/2026,21:00,16.0,E,1.3,E,24.2
BR_FOR,Fortaleza,15/01/2026,22:00,17.0,E,1.4,E,23.5
BR_FOR,Fortaleza,15/01/2026,23:00,18.0,E,1.4,E,22.9
BR_FOR,Fortaleza,16/01/2026,0:00,18.0,E,1.4,E,22.4
BR_FOR,Fortaleza,16/01/2026,1:00,17.0,E,1.4,E,22.1
BR_FOR,Fortaleza,16/01/2026,2:00,18.0,ESE,1.4,ESE,22.0
BR_FOR,Fortaleza,16/01/2026,3:00,18.0,ESE,1.4,ESE,22.1
BR_FOR,Fortaleza,16/01/2026,4:00,19.0,ESE,1.4,ESE,22.4
BR_FOR,Fortaleza,16/01/2026,5:00,19.0,ESE,1.4,ESE,22.9
BR_FOR,Fortaleza,16/01/2026,6:00,19.0,ESE,1.4,ESE,23.5
BR_FOR,Fortaleza,16/01/2026,7:00,21.0,ESE,1.6,ESE,24.2
BR_FOR,Fortaleza,16/01/2026,8:00,23.0,ESE,1.6,ESE,25.0
BR_FOR,Fortaleza,16/01/2026,9:00,23.0,ESE,1.6,ESE,25.8
BR_FOR,Fortaleza,16/01/2026,10:00,23.0,ESE,1.6,ESE,26.5
BR_FOR,Fortaleza,16/01/2026,11:00,22.0,ESE,1.6,ESE,27.1
BR_FOR,Fortaleza,16/01/2026,12:00,21.0,ESE,1.6,ESE,27.6
BR_FOR,Fortaleza,16/01/2026,13:00,21.0,E,1.6,E,27.9
BR_FOR,Fortaleza,16/01/2026,14:00,22.0,E,1.6,E,28.0
BR_FOR,Fortaleza,16/01/2026,15:00,21.0,E,1.6,E,27.9
BR_FOR,Fortaleza,16/01/2026,16:00,20.0,E,1.5,E,27.6
BR_FOR,Fortaleza,16/01/2026,17:00,18.0,ENE,1.4,ENE,27.1
BR_FOR,Fortaleza,16/01/2026,18:00,18.0,ENE,1.4,ENE,26.5
BR_FOR,Fortaleza,16/01/2026,19:00,18.0,ENE,1.4,ENE,25.8
BR_FOR,Fortaleza,16/01/2026,20:00,18.0,ENE,1.4,ENE,25.0
BR_FOR,Fortaleza,16/01/2026,21:00,21.0,E,1.6,E,24.2
BR_FOR,Fortaleza,16/01/2026,22:00,20.0,E,1.5,E,23.5
BR_FOR,Fortaleza,16/01/2026,23:00,19.0,E,1.4,E,22.9
BR_FOR,Fortaleza,17/01/2026,0:00,21.0,E,1.6,E,22.4
BR_FOR,Fortaleza,17/01/2026,1:00,20.0,E,1.5,E,22.1
BR_FOR,Fortaleza,17/01/2026,2:00,16.0,E,1.3,E,22.0
BR_FOR,Fortaleza,17/01/2026,3:00,15.0,E,1.2,E,22.1
BR_FOR,Fortaleza,17/01/2026,4:00,15.0,ESE,1.2,ESE,22.4
BR_FOR,Fortaleza,17/01/2026,5:00,15.0,ESE,1.2,ESE,22.9
BR_FOR,Fortaleza,17/01/2026,6:00,18.0,ESE,1.4,ESE,23.5
BR_FOR,Fortaleza,17/01/2026,7:00,20.0,ESE,1.5,ESE,24.2
BR_FOR,Fortaleza,17/01/2026,8:00,22.0,E,1.6,E,25.0
BR_FOR,Fortaleza,17/01/2026,9:00,22.0,E,1.6,E,25.8
BR_FOR,Fortaleza,17/01/2026,10:00,21.0,E,1.6,E,26.5
BR_FOR,Fortaleza,17/01/2026,11:00,21.0,E,1.6,E,27.1
BR_FOR,Fortaleza,17/01/2026,12:00,21.0,E,1.6,E,27.6
BR_FOR,Fortaleza,17/01/2026,13:00,20.0,E,1.5,E,27.9
BR_FOR,Fortaleza,17/01/2026,14:00,19.0,E,1.4,E,28.0
BR_FOR,Fortaleza,17/01/2026,15:00,19.0,E,1.4,E,27.9
BR_FOR,Fortaleza,17/01/2026,16:00,19.0,ENE,1.4,ENE,27.6
BR_FOR,Fortaleza,17/01/2026,17:00,19.0,ENE,1.4,ENE,27.1
BR_FOR,Fortaleza,17/01/2026,18:00,19.0,ENE,1.4,ENE,26.5
BR_FOR,Fortaleza,17/01/2026,19:00,19.0,ENE,1.4,ENE,25.8
BR_FOR,Fortaleza,17/01/2026,20:00,18.0,ENE,1.4,ENE,25.0
BR_FOR,Fortaleza,17/01/2026,21:00,18.0,ENE,1.4,ENE,24.2
BR_FOR,Fortaleza,17/01/2026,22:00,18.0,ENE,1.4,ENE,23.5
BR_FOR,Fortaleza,17/01/2026,23:00,18.0,ENE,1.4,ENE,22.9
BR_FOR,Fortaleza,18/01/2026,0:00,18.0,ENE,1.4,ENE,22.4
BR_FOR,Fortaleza,18/01/2026,1:00,17.0,E,1.4,E,22.1
BR_FOR,Fortaleza,18/01/2026,2:00,17.0,E,1.4,E,22.0
BR_FOR,Fortaleza,18/01/2026,3:00,17.0,E,1.4,E,22.1
BR_FOR,Fortaleza,18/01/2026,4:00,16.0,E,1.3,E,22.4
BR_FOR,Fortaleza,18/01/2026,5:00,16.0,E,1.3,E,22.9
BR_FOR,Fortaleza,18/01/2026,6:00,17.0,E,1.4,E,23.5
BR_FOR,Fortaleza,18/01/2026,7:00,18.0,E,1.4,E,24.2
BR_FOR,Fortaleza,18/01/2026,8:00,19.0,E,1.4,E,25.0
BR_FOR,Fortaleza,18/01/2026,9:00,19.0,E,1.4,E,25.8
BR_FOR,Fortaleza,18/01/2026,10:00,18.0,E,1.4,E,26.5
BR_FOR,Fortaleza,18/01/2026,11:00,18.0,E,1.4,E,27.1
BR_FOR,Fortaleza,18/01/2026,12:00,19.0,E,1.4,E,27.6
BR_FOR,Fortaleza,18/01/2026,13:00,19.0,E,1.4,E,27.9
BR_FOR,Fortaleza,18/01/2026,14:00,20.0,E,1.5,E,28.0
BR_FOR,Fortaleza,18/01/2026,15:00,19.0,E,1.4,E,27.9
BR_FOR,Fortaleza,18/01/2026,16:00,17.0,ENE,1.4,ENE,27.6
BR_FOR,Fortaleza,18/01/2026,17:00,16.0,ENE,1.3,ENE,27.1
BR_FOR,Fortaleza,18/01/2026,18:00,16.0,ENE,1.3,ENE,26.5
BR_FOR,Fortaleza,18/01/2026,19:00,17.0,ENE,1.4,ENE,25.8
BR_FOR,Fortaleza,18/01/2026,20:00,17.0,ENE,1.4,ENE,25.0
BR_FOR,Fortaleza,18/01/2026,21:00,18.0,ENE,1.4,ENE,24.2
BR_FOR,Fortaleza,18/01/2026,22:00,18.0,E,1.4,E,23.5
BR_FOR,Fortaleza,18/01/2026,23:00,19.0,E,1.4,E,22.9
BR_FOR,Fortaleza,19/01/2026,0:00,17.0,E,1.4,E,22.4
BR_FOR,Fortaleza,19/01/2026,1:00,16.0,E,1.3,E,22.1
BR_FOR,Fortaleza,19/01/2026,2:00,15.0,E,1.2,E,22.0
BR_FOR,Fortaleza,19/01/2026,3:00,14.0,E,1.2,E,22.1
BR_FOR,Fortaleza,19/01/2026,4:00,14.0,E,1.2,E,22.4
BR_FOR,Fortaleza,19/01/2026,5:00,13.0,E,1.1,E,22.9
BR_FOR,Fortaleza,19/01/2026,6:00,15.0,E,1.2,E,23.5
BR_FOR,Fortaleza,19/01/2026,7:00,16.0,E,1.3,E,24.2
BR_FOR,Fortaleza,19/01/2026,8:00,18.0,E,1.4,E,25.0
BR_FOR,Fortaleza,19/01/2026,9:00,18.0,E,1.4,E,25.8
BR_FOR,Fortaleza,19/01/2026,10:00,18.0,E,1.4,E,26.5
BR_FOR,Fortaleza,19/01/2026,11:00,18.0,E,1.4,E,27.1
BR_FOR,Fortaleza,19/01/2026,12:00,19.0,E,1.4,E,27.6
BR_FOR,Fortaleza,19/01/2026,13:00,19.0,E,1.4,E,27.9
BR_FOR,Fortaleza,19/01/2026,14:00,20.0,ENE,1.5,ENE,28.0
BR_FOR,Fortaleza,19/01/2026,15:00,18.0,E,1.4,E,27.9
BR_FOR,Fortaleza,19/01/2026,16:00,17.0,E,1.4,E,27.6
BR_FOR,Fortaleza,19/01/2026,17:00,15.0,E,1.2,E,27.1
BR_FOR,Fortaleza,19/01/2026,18:00,15.0,ENE,1.2,ENE,26.5
BR_FOR,Fortaleza,19/01/2026,19:00,15.0,ENE,1.2,ENE,25.8
BR_FOR,Fortaleza,19/01/2026,20:00,15.0,ENE,1.2,ENE,25.0
BR_FOR,Fortaleza,19/01/2026,21:00,15.0,ENE,1.2,ENE,24.2
BR_FOR,Fortaleza,19/01/2026,22:00,15.0,ENE,1.2,ENE,23.5
BR_FOR,Fortaleza,19/01/2026,23:00,14.0,ENE,1.2,ENE,22.9
BR_BEL,Belém,13/01/2026,0:00,9.0,NE,0.9,NE,22.4
BR_BEL,Belém,13/01/2026,1:00,9.0,NE,0.9,NE,22.1
BR_BEL,Belém,13/01/2026,2:00,7.0,ENE,0.8,ENE,22.0
BR_BEL,Belém,13/01/2026,3:00,6.0,E,0.8,E,22.1
BR_BEL,Belém,13/01/2026,4:00,8.0,E,0.9,E,22.4
BR_BEL,Belém,13/01/2026,5:00,7.0,ESE,0.8,ESE,22.9
BR_BEL,Belém,13/01/2026,6:00,7.0,ESE,0.8,ESE,23.5
BR_BEL,Belém,13/01/2026,7:00,8.0,E,0.9,E,24.2
BR_BEL,Belém,13/01/2026,8:00,10.0,E,1.0,E,25.0
BR_BEL,Belém,13/01/2026,9:00,10.0,ENE,1.0,ENE,25.8
BR_BEL,Belém,13/01/2026,10:00,10.0,ENE,1.0,ENE,26.5
BR_BEL,Belém,13/01/2026,11:00,9.0,ENE,0.9,ENE,27.1
BR_BEL,Belém,13/01/2026,12:00,9.0,ENE,0.9,ENE,27.6
BR_BEL,Belém,13/01/2026,13:00,7.0,ENE,0.8,ENE,27.9
BR_BEL,Belém,13/01/2026,14:00,5.0,NE,0.8,NE,28.0
BR_BEL,Belém,13/01/2026,15:00,5.0,NE,0.8,NE,27.9
BR_BEL,Belém,13/01/2026,16:00,5.0,NE,0.8,NE,27.6
BR_BEL,Belém,13/01/2026,17:00,6.0,NE,0.8,NE,27.1
BR_BEL,Belém,13/01/2026,18:00,6.0,NE,0.8,NE,26.5
BR_BEL,Belém,13/01/2026,19:00,8.0,NE,0.9,NE,25.8
BR_BEL,Belém,13/01/2026,20:00,8.0,NE,0.9,NE,25.0
BR_BEL,Belém,13/01/2026,21:00,9.0,NE,0.9,NE,24.2
BR_BEL,Belém,13/01/2026,22:00,9.0,NE,0.9,NE,23.5
BR_BEL,Belém,13/01/2026,23:00,9.0,NE,0.9,NE,22.9
BR_BEL,Belém,14/01/2026,0:00,8.0,NE,0.9,NE,22.4
BR_BEL,Belém,14/01/2026,1:00,8.0,ENE,0.9,ENE,22.1
BR_BEL,Belém,14/01/2026,2:00,8.0,ENE,0.9,ENE,22.0
BR_BEL,Belém,14/01/2026,3:00,8.0,ENE,0.9,ENE,22.1
BR_BEL,Belém,14/01/2026,4:00,6.0,ENE,0.8,ENE,22.4
BR_BEL,Belém,14/01/2026,5:00,6.0,ENE,0.8,ENE,22.9
BR_BEL,Belém,14/01/2026,6:00,6.0,ENE,0.8,ENE,23.5
BR_BEL,Belém,14/01/2026,7:00,9.0,ENE,0.9,ENE,24.2
BR_BEL,Belém,14/01/2026,8:00,9.0,NE,0.9,NE,25.0
BR_BEL,Belém,14/01/2026,9:00,9.0,NE,0.9,NE,25.8
BR_BEL,Belém,14/01/2026,10:00,8.0,NNE,0.9,NNE,26.5
BR_BEL,Belém,14/01/2026,11:00,8.0,NNE,0.9,NNE,27.1
BR_BEL,Belém,14/01/2026,12:00,8.0,NE,0.9,NE,27.6
BR_BEL,Belém,14/01/2026,13:00,8.0,NE,0.9,NE,27.9
BR_BEL,Belém,14/01/2026,14:00,8.0,NE,0.9,NE,28.0
BR_BEL,Belém,14/01/2026,15:00,7.0,ENE,0.8,ENE,27.9
BR_BEL,Belém,14/01/2026,16:00,8.0,NE,0.9,NE,27.6
BR_BEL,Belém,14/01/2026,17:00,9.0,NE,0.9,NE,27.1
BR_BEL,Belém,14/01/2026,18:00,8.0,NNE,0.9,NNE,26.5
BR_BEL,Belém,14/01/2026,19:00,9.0,NNE,0.9,NNE,25.8
BR_BEL,Belém,14/01/2026,20:00,9.0,NE,0.9,NE,25.0
BR_BEL,Belém,14/01/2026,21:00,9.0,NE,0.9,NE,24.2
BR_BEL,Belém,14/01/2026,22:00,8.0,ENE,0.9,ENE,23.5
BR_BEL,Belém,14/01/2026,23:00,7.0,ENE,0.8,ENE,22.9
BR_BEL,Belém,15/01/2026,0:00,6.0,ENE,0.8,ENE,22.4
BR_BEL,Belém,15/01/2026,1:00,6.0,E,0.8,E,22.1
BR_BEL,Belém,15/01/2026,2:00,7.0,E,0.8,E,22.0
BR_BEL,Belém,15/01/2026,3:00,6.0,E,0.8,E,22.1
BR_BEL,Belém,15/01/2026,4:00,6.0,E,0.8,E,22.4
BR_BEL,Belém,15/01/2026,5:00,7.0,E,0.8,E,22.9
BR_BEL,Belém,15/01/2026,6:00,6.0,ESE,0.8,ESE,23.5
BR_BEL,Belém,15/01/2026,7:00,7.0,E,0.8,E,24.2
BR_BEL,Belém,15/01/2026,8:00,8.0,ENE,0.9,ENE,25.0
BR_BEL,Belém,15/01/2026,9:00,9.0,NE,0.9,NE,25.8
BR_BEL,Belém,15/01/2026,10:00,10.0,NE,1.0,NE,26.5
BR_BEL,Belém,15/01/2026,11:00,9.0,NNE,0.9,NNE,27.1
BR_BEL,Belém,15/01/2026,12:00,9.0,N,0.9,N,27.6
BR_BEL,Belém,15/01/2026,13:00,9.0,NNW,0.9,NNW,27.9
BR_BEL,Belém,15/01/2026,14:00,9.0,NNW,0.9,NNW,28.0
BR_BEL,Belém,15/01/2026,15:00,12.0,N,1.1,N,27.9
BR_BEL,Belém,15/01/2026,16:00,10.0,NNE,1.0,NNE,27.6
BR_BEL,Belém,15/01/2026,17:00,11.0,NNE,1.1,NNE,27.1
BR_BEL,Belém,15/01/2026,18:00,11.0,NNE,1.1,NNE,26.5
BR_BEL,Belém,15/01/2026,19:00,10.0,NNE,1.0,NNE,25.8
BR_BEL,Belém,15/01/2026,20:00,10.0,NE,1.0,NE,25.0
BR_BEL,Belém,15/01/2026,21:00,10.0,NE,1.0,NE,24.2
BR_BEL,Belém,15/01/2026,22:00,8.0,NE,0.9,NE,23.5
BR_BEL,Belém,15/01/2026,23:00,8.0,NE,0.9,NE,22.9
BR_BEL,Belém,16/01/2026,0:00,7.0,NE,0.8,NE,22.4
BR_BEL,Belém,16/01/2026,1:00,6.0,ENE,0.8,ENE,22.1
BR_BEL,Belém,16/01/2026,2:00,6.0,ENE,0.8,ENE,22.0
BR_BEL,Belém,16/01/2026,3:00,7.0,ENE,0.8,ENE,22.1
BR_BEL,Belém,16/01/2026,4:00,7.0,ENE,0.8,ENE,22.4
BR_BEL,Belém,16/01/2026,5:00,7.0,ENE,0.8,ENE,22.9
BR_BEL,Belém,16/01/2026,6:00,8.0,ENE,0.9,ENE,23.5
BR_BEL,Belém,16/01/2026,7:00,8.0,ENE,0.9,ENE,24.2
BR_BEL,Belém,16/01/2026,8:00,8.0,ENE,0.9,ENE,25.0
BR_BEL,Belém,16/01/2026,9:00,9.0,NE,0.9,NE,25.8
BR_BEL,Belém,16/01/2026,10:00,8.0,NNE,0.9,NNE,26.5
BR_BEL,Belém,16/01/2026,11:00,9.0,N,0.9,N,27.1
BR_BEL,Belém,16/01/2026,12:00,10.0,NNW,1.0,NNW,27.6
BR_BEL,Belém,16/01/2026,13:00,11.0,N,1.1,N,27.9
BR_BEL,Belém,16/01/2026,14:00,12.0,NNE,1.1,NNE,28.0
BR_BEL,Belém,16/01/2026,15:00,11.0,NNE,1.1,NNE,27.9
BR_BEL,Belém,16/01/2026,16:00,9.0,NE,0.9,NE,27.6
BR_BEL,Belém,16/01/2026,17:00,9.0,NE,0.9,NE,27.1
BR_BEL,Belém,16/01/2026,18:00,8.0,NE,0.9,NE,26.5
BR_BEL,Belém,16/01/2026,19:00,9.0,NE,0.9,NE,25.8
BR_BEL,Belém,16/01/2026,20:00,9.0,NE,0.9,NE,25.0
BR_BEL,Belém,16/01/2026,21:00,10.0,NE,1.0,NE,24.2
BR_BEL,Belém,16/01/2026,22:00,10.0,NE,1.0,NE,23.5
BR_BEL,Belém,16/01/2026,23:00,8.0,ENE,0.9,ENE,22.9
BR_BEL,Belém,17/01/2026,0:00,8.0,NE,0.9,NE,22.4
BR_BEL,Belém,17/01/2026,1:00,8.0,ENE,0.9,ENE,22.1
BR_BEL,Belém,17/01/2026,2:00,8.0,ENE,0.9,ENE,22.0
BR_BEL,Belém,17/01/2026,3:00,7.0,ENE,0.8,ENE,22.1
BR_BEL,Belém,17/01/2026,4:00,7.0,ENE,0.8,ENE,22.4
BR_BEL,Belém,17/01/2026,5:00,8.0,ENE,0.9,ENE,22.9
BR_BEL,Belém,17/01/2026,6:00,7.0,E,0.8,E,23.5
BR_BEL,Belém,17/01/2026,7:00,9.0,E,0.9,E,24.2
BR_BEL,Belém,17/01/2026,8:00,9.0,ENE,0.9,ENE,25.0
BR_BEL,Belém,17/01/2026,9:00,9.0,NE,0.9,NE,25.8
BR_BEL,Belém,17/01/2026,10:00,10.0,NNE,1.0,NNE,26.5
BR_BEL,Belém,17/01/2026,11:00,11.0,N,1.1,N,27.1
BR_BEL,Belém,17/01/2026,12:00,12.0,ESE,1.1,ESE,27.6
BR_BEL,Belém,17/01/2026,13:00,13.0,WSW,1.1,WSW,27.9
BR_BEL,Belém,17/01/2026,14:00,14.0,N,1.2,N,28.0
BR_BEL,Belém,17/01/2026,15:00,13.0,WSW,1.1,WSW,27.9
BR_BEL,Belém,17/01/2026,16:00,12.0,SE,1.1,SE,27.6
BR_BEL,Belém,17/01/2026,17:00,11.0,NNE,1.1,NNE,27.1
BR_BEL,Belém,17/01/2026,18:00,11.0,NNE,1.1,NNE,26.5
BR_BEL,Belém,17/01/2026,19:00,11.0,NE,1.1,NE,25.8
BR_BEL,Belém,17/01/2026,20:00,11.0,NE,1.1,NE,25.0
BR_BEL,Belém,17/01/2026,21:00,11.0,NE,1.1,NE,24.2
BR_BEL,Belém,17/01/2026,22:00,10.0,NE,1.0,NE,23.5
BR_BEL,Belém,17/01/2026,23:00,10.0,ENE,1.0,ENE,22.9
BR_BEL,Belém,18/01/2026,0:00,9.0,ENE,0.9,ENE,22.4
BR_BEL,Belém,18/01/2026,1:00,8.0,ENE,0.9,ENE,22.1
BR_BEL,Belém,18/01/2026,2:00,7.0,ENE,0.8,ENE,22.0
BR_BEL,Belém,18/01/2026,3:00,6.0,ENE,0.8,ENE,22.1
BR_BEL,Belém,18/01/2026,4:00,6.0,E,0.8,E,22.4
BR_BEL,Belém,18/01/2026,5:00,5.0,E,0.8,E,22.9
BR_BEL,Belém,18/01/2026,6:00,7.0,E,0.8,E,23.5
BR_BEL,Belém,18/01/2026,7:00,9.0,ENE,0.9,ENE,24.2
BR_BEL,Belém,18/01/2026,8:00,10.0,ENE,1.0,ENE,25.0
BR_BEL,Belém,18/01/2026,9:00,9.0,ENE,0.9,ENE,25.8
BR_BEL,Belém,18/01/2026,10:00,8.0,NE,0.9,NE,26.5
BR_BEL,Belém,18/01/2026,11:00,6.0,NNE,0.8,NNE,27.1
BR_BEL,Belém,18/01/2026,12:00,9.0,NNE,0.9,NNE,27.6
BR_BEL,Belém,18/01/2026,13:00,11.0,NNE,1.1,NNE,27.9
BR_BEL,Belém,18/01/2026,14:00,13.0,N,1.1,N,28.0
BR_BEL,Belém,18/01/2026,15:00,12.0,N,1.1,N,27.9
BR_BEL,Belém,18/01/2026,16:00,12.0,N,1.1,N,27.6
BR_BEL,Belém,18/01/2026,17:00,11.0,N,1.1,N,27.1
BR_BEL,Belém,18/01/2026,18:00,10.0,NNE,1.0,NNE,26.5
BR_BEL,Belém,18/01/2026,19:00,9.0,NE,0.9,NE,25.8
BR_BEL,Belém,18/01/2026,20:00,8.0,NE,0.9,NE,25.0
BR_BEL,Belém,18/01/2026,21:00,9.0,NE,0.9,NE,24.2
BR_BEL,Belém,18/01/2026,22:00,9.0,NE,0.9,NE,23.5
BR_BEL,Belém,18/01/2026,23:00,9.0,ENE,0.9,ENE,22.9
BR_BEL,Belém,19/01/2026,0:00,9.0,ENE,0.9,ENE,22.4
BR_BEL,Belém,19/01/2026,1:00,8.0,ENE,0.9,ENE,22.1
BR_BEL,Belém,19/01/2026,2:00,8.0,ENE,0.9,ENE,22.0
BR_BEL,Belém,19/01/2026,3:00,8.0,ENE,0.9,ENE,22.1
BR_BEL,Belém,19/01/2026,4:00,7.0,ENE,0.8,ENE,22.4
BR_BEL,Belém,19/01/2026,5:00,7.0,E,0.8,E,22.9
BR_BEL,Belém,19/01/2026,6:00,7.0,E,0.8,E,23.5
BR_BEL,Belém,19/01/2026,7:00,7.0,E,0.8,E,24.2
BR_BEL,Belém,19/01/2026,8:00,8.0,ENE,0.9,ENE,25.0
BR_BEL,Belém,19/01/2026,9:00,8.0,ENE,0.9,ENE,25.8
BR_BEL,Belém,19/01/2026,10:00,9.0,NE,0.9,NE,26.5
BR_BEL,Belém,19/01/2026,11:00,9.0,NNE,0.9,NNE,27.1
BR_BEL,Belém,19/01/2026,12:00,9.0,NNE,0.9,NNE,27.6
BR_BEL,Belém,19/01/2026,13:00,9.0,NNE,0.9,NNE,27.9
BR_BEL,Belém,19/01/2026,14:00,9.0,NNE,0.9,NNE,28.0
BR_BEL,Belém,19/01/2026,15:00,9.0,NNE,0.9,NNE,27.9
BR_BEL,Belém,19/01/2026,16:00,9.0,NNE,0.9,NNE,27.6
BR_BEL,Belém,19/01/2026,17:00,9.0,NNE,0.9,NNE,27.1
BR_BEL,Belém,19/01/2026,18:00,10.0,NNE,1.0,NNE,26.5
BR_BEL,Belém,19/01/2026,19:00,10.0,NE,1.0,NE,25.8
BR_BEL,Belém,19/01/2026,20:00,11.0,NE,1.1,NE,25.0
BR_BEL,Belém,19/01/2026,21:00,11.0,NE,1.1,NE,24.2
BR_BEL,Belém,19/01/2026,22:00,10.0,ENE,1.0,ENE,23.5
BR_BEL,Belém,19/01/2026,23:00,10.0,ENE,1.0,ENE,22.9
BR_ITQ,Itaqui,13/01/2026,0:00,24.0,NE,1.7,NE,22.4
BR_ITQ,Itaqui,13/01/2026,1:00,23.0,NE,1.6,NE,22.1
BR_ITQ,Itaqui,13/01/2026,2:00,23.0,ENE,1.6,ENE,22.0
BR_ITQ,Itaqui,13/01/2026,3:00,24.0,ENE,1.7,ENE,22.1
BR_ITQ,Itaqui,13/01/2026,4:00,24.0,ENE,1.7,ENE,22.4
BR_ITQ,Itaqui,13/01/2026,5:00,23.0,ENE,1.6,ENE,22.9
BR_ITQ,Itaqui,13/01/2026,6:00,21.0,E,1.6,E,23.5
BR_ITQ,Itaqui,13/01/2026,7:00,22.0,E,1.6,E,24.2
BR_ITQ,Itaqui,13/01/2026,8:00,22.0,E,1.6,E,25.0
BR_ITQ,Itaqui,13/01/2026,9:00,21.0,E,1.6,E,25.8
BR_ITQ,Itaqui,13/01/2026,10:00,24.0,ENE,1.7,ENE,26.5
BR_ITQ,Itaqui,13/01/2026,11:00,28.0,NE,1.9,NE,27.1
BR_ITQ,Itaqui,13/01/2026,12:00,29.0,NE,1.9,NE,27.6
BR_ITQ,Itaqui,13/01/2026,13:00,31.0,NE,2.0,NE,27.9
BR_ITQ,Itaqui,13/01/2026,14:00,28.0,NE,1.9,NE,28.0
BR_ITQ,Itaqui,13/01/2026,15:00,28.0,NNE,1.9,NNE,27.9
BR_ITQ,Itaqui,13/01/2026,16:00,27.0,NNE,1.9,NNE,27.6
BR_ITQ,Itaqui,13/01/2026,17:00,23.0,NNE,1.6,NNE,27.1
BR_ITQ,Itaqui,13/01/2026,18:00,21.0,NE,1.6,NE,26.5
BR_ITQ,Itaqui,13/01/2026,19:00,20.0,NE,1.5,NE,25.8
BR_ITQ,Itaqui,13/01/2026,20:00,22.0,NE,1.6,NE,25.0
BR_ITQ,Itaqui,13/01/2026,21:00,20.0,NE,1.5,NE,24.2
BR_ITQ,Itaqui,13/01/2026,22:00,19.0,NE,1.4,NE,23.5
BR_ITQ,Itaqui,13/01/2026,23:00,21.0,NE,1.6,NE,22.9
BR_ITQ,Itaqui,14/01/2026,0:00,20.0,NE,1.5,NE,22.4
BR_ITQ,Itaqui,14/01/2026,1:00,21.0,NE,1.6,NE,22.1
BR_ITQ,Itaqui,14/01/2026,2:00,21.0,NE,1.6,NE,22.0
BR_ITQ,Itaqui,14/01/2026,3:00,22.0,NE,1.6,NE,22.1
BR_ITQ,Itaqui,14/01/2026,4:00,23.0,ENE,1.6,ENE,22.4
BR_ITQ,Itaqui,14/01/2026,5:00,23.0,ENE,1.6,ENE,22.9
BR_ITQ,Itaqui,14/01/2026,6:00,25.0,ENE,1.8,ENE,23.5
BR_ITQ,Itaqui,14/01/2026,7:00,24.0,ENE,1.7,ENE,24.2
BR_ITQ,Itaqui,14/01/2026,8:00,25.0,ENE,1.8,ENE,25.0
BR_ITQ,Itaqui,14/01/2026,9:00,24.0,ENE,1.7,ENE,25.8
BR_ITQ,Itaqui,14/01/2026,10:00,25.0,NE,1.8,NE,26.5
BR_ITQ,Itaqui,14/01/2026,11:00,25.0,NE,1.8,NE,27.1
BR_ITQ,Itaqui,14/01/2026,12:00,23.0,NE,1.6,NE,27.6
BR_ITQ,Itaqui,14/01/2026,13:00,24.0,NE,1.7,NE,27.9
BR_ITQ,Itaqui,14/01/2026,14:00,24.0,NE,1.7,NE,28.0
BR_ITQ,Itaqui,14/01/2026,15:00,24.0,NNE,1.7,NNE,27.9
BR_ITQ,Itaqui,14/01/2026,16:00,25.0,NNE,1.8,NNE,27.6
BR_ITQ,Itaqui,14/01/2026,17:00,22.0,NE,1.6,NE,27.1
BR_ITQ,Itaqui,14/01/2026,18:00,25.0,NE,1.8,NE,26.5
BR_ITQ,Itaqui,14/01/2026,19:00,23.0,NE,1.6,NE,25.8
BR_ITQ,Itaqui,14/01/2026,20:00,23.0,NE,1.6,NE,25.0
BR_ITQ,Itaqui,14/01/2026,21:00,24.0,NE,1.7,NE,24.2
BR_ITQ,Itaqui,14/01/2026,22:00,23.0,NE,1.6,NE,23.5
BR_ITQ,Itaqui,14/01/2026,23:00,22.0,NE,1.6,NE,22.9
BR_ITQ,Itaqui,15/01/2026,0:00,24.0,NE,1.7,NE,22.4
BR_ITQ,Itaqui,15/01/2026,1:00,23.0,NE,1.6,NE,22.1
BR_ITQ,Itaqui,15/01/2026,2:00,20.0,NE,1.5,NE,22.0
BR_ITQ,Itaqui,15/01/2026,3:00,20.0,NE,1.5,NE,22.1
BR_ITQ,Itaqui,15/01/2026,4:00,20.0,NE,1.5,NE,22.4
BR_ITQ,Itaqui,15/01/2026,5:00,19.0,NE,1.4,NE,22.9
BR_ITQ,Itaqui,15/01/2026,6:00,21.0,NE,1.6,NE,23.5
BR_ITQ,Itaqui,15/01/2026,7:00,23.0,ENE,1.6,ENE,24.2
BR_ITQ,Itaqui,15/01/2026,8:00,24.0,NE,1.7,NE,25.0
BR_ITQ,Itaqui,15/01/2026,9:00,25.0,ENE,1.8,ENE,25.8
BR_ITQ,Itaqui,15/01/2026,10:00,24.0,ENE,1.7,ENE,26.5
BR_ITQ,Itaqui,15/01/2026,11:00,23.0,ENE,1.6,ENE,27.1
BR_ITQ,Itaqui,15/01/2026,12:00,25.0,ENE,1.8,ENE,27.6
BR_ITQ,Itaqui,15/01/2026,13:00,25.0,ENE,1.8,ENE,27.9
BR_ITQ,Itaqui,15/01/2026,14:00,25.0,NE,1.8,NE,28.0
BR_ITQ,Itaqui,15/01/2026,15:00,26.0,NE,1.8,NE,27.9
BR_ITQ,Itaqui,15/01/2026,16:00,27.0,NNE,1.9,NNE,27.6
BR_ITQ,Itaqui,15/01/2026,17:00,25.0,NNE,1.8,NNE,27.1
BR_ITQ,Itaqui,15/01/2026,18:00,23.0,NNE,1.6,NNE,26.5
BR_ITQ,Itaqui,15/01/2026,19:00,21.0,NE,1.6,NE,25.8
BR_ITQ,Itaqui,15/01/2026,20:00,18.0,NE,1.4,NE,25.0
BR_ITQ,Itaqui,15/01/2026,21:00,17.0,NE,1.4,NE,24.2
BR_ITQ,Itaqui,15/01/2026,22:00,17.0,NE,1.4,NE,23.5
BR_ITQ,Itaqui,15/01/2026,23:00,18.0,NE,1.4,NE,22.9
BR_ITQ,Itaqui,16/01/2026,0:00,18.0,NE,1.4,NE,22.4
BR_ITQ,Itaqui,16/01/2026,1:00,21.0,NE,1.6,NE,22.1
BR_ITQ,Itaqui,16/01/2026,2:00,21.0,NE,1.6,NE,22.0
BR_ITQ,Itaqui,16/01/2026,3:00,21.0,NE,1.6,NE,22.1
BR_ITQ,Itaqui,16/01/2026,4:00,20.0,NE,1.5,NE,22.4
BR_ITQ,Itaqui,16/01/2026,5:00,19.0,NE,1.4,NE,22.9
BR_ITQ,Itaqui,16/01/2026,6:00,20.0,NE,1.5,NE,23.5
BR_ITQ,Itaqui,16/01/2026,7:00,23.0,NE,1.6,NE,24.2
BR_ITQ,Itaqui,16/01/2026,8:00,24.0,NE,1.7,NE,25.0
BR_ITQ,Itaqui,16/01/2026,9:00,22.0,ENE,1.6,ENE,25.8
BR_ITQ,Itaqui,16/01/2026,10:00,23.0,NE,1.6,NE,26.5
BR_ITQ,Itaqui,16/01/2026,11:00,24.0,NE,1.7,NE,27.1
BR_ITQ,Itaqui,16/01/2026,12:00,25.0,NE,1.8,NE,27.6
BR_ITQ,Itaqui,16/01/2026,13:00,25.0,NE,1.8,NE,27.9
BR_ITQ,Itaqui,16/01/2026,14:00,25.0,NE,1.8,NE,28.0
BR_ITQ,Itaqui,16/01/2026,15:00,24.0,NE,1.7,NE,27.9
BR_ITQ,Itaqui,16/01/2026,16:00,22.0,NE,1.6,NE,27.6
BR_ITQ,Itaqui,16/01/2026,17:00,20.0,NE,1.5,NE,27.1
BR_ITQ,Itaqui,16/01/2026,18:00,19.0,NE,1.4,NE,26.5
BR_ITQ,Itaqui,16/01/2026,19:00,21.0,NE,1.6,NE,25.8
BR_ITQ,Itaqui,16/01/2026,20:00,22.0,NE,1.6,NE,25.0
BR_ITQ,Itaqui,16/01/2026,21:00,21.0,NE,1.6,NE,24.2
BR_ITQ,Itaqui,16/01/2026,22:00,20.0,NE,1.5,NE,23.5
BR_ITQ,Itaqui,16/01/2026,23:00,21.0,NE,1.6,NE,22.9
BR_ITQ,Itaqui,17/01/2026,0:00,20.0,NE,1.5,NE,22.4
BR_ITQ,Itaqui,17/01/2026,1:00,21.0,NE,1.6,NE,22.1
BR_ITQ,Itaqui,17/01/2026,2:00,21.0,NE,1.6,NE,22.0
BR_ITQ,Itaqui,17/01/2026,3:00,21.0,ENE,1.6,ENE,22.1
BR_ITQ,Itaqui,17/01/2026,4:00,18.0,ENE,1.4,ENE,22.4
BR_ITQ,Itaqui,17/01/2026,5:00,20.0,NE,1.5,NE,22.9
BR_ITQ,Itaqui,17/01/2026,6:00,20.0,ENE,1.5,ENE,23.5
BR_ITQ,Itaqui,17/01/2026,7:00,21.0,ENE,1.6,ENE,24.2
BR_ITQ,Itaqui,17/01/2026,8:00,23.0,NE,1.6,NE,25.0
BR_ITQ,Itaqui,17/01/2026,9:00,23.0,NE,1.6,NE,25.8
BR_ITQ,Itaqui,17/01/2026,10:00,22.0,NE,1.6,NE,26.5
BR_ITQ,Itaqui,17/01/2026,11:00,22.0,NE,1.6,NE,27.1
BR_ITQ,Itaqui,17/01/2026,12:00,23.0,NE,1.6,NE,27.6
BR_ITQ,Itaqui,17/01/2026,13:00,24.0,NE,1.7,NE,27.9
BR_ITQ,Itaqui,17/01/2026,14:00,25.0,NE,1.8,NE,28.0
BR_ITQ,Itaqui,17/01/2026,15:00,24.0,NE,1.7,NE,27.9
BR_ITQ,Itaqui,17/01/2026,16:00,24.0,NE,1.7,NE,27.6
BR_ITQ,Itaqui,17/01/2026,17:00,24.0,NE,1.7,NE,27.1
BR_ITQ,Itaqui,17/01/2026,18:00,24.0,NE,1.7,NE,26.5
BR_ITQ,Itaqui,17/01/2026,19:00,24.0,NE,1.7,NE,25.8
BR_ITQ,Itaqui,17/01/2026,20:00,23.0,NE,1.6,NE,25.0
BR_ITQ,Itaqui,17/01/2026,21:00,23.0,NE,1.6,NE,24.2
BR_ITQ,Itaqui,17/01/2026,22:00,23.0,NE,1.6,NE,23.5
BR_ITQ,Itaqui,17/01/2026,23:00,23.0,NE,1.6,NE,22.9
BR_ITQ,Itaqui,18/01/2026,0:00,24.0,NE,1.7,NE,22.4
BR_ITQ,Itaqui,18/01/2026,1:00,24.0,ENE,1.7,ENE,22.1
BR_ITQ,Itaqui,18/01/2026,2:00,24.0,ENE,1.7,ENE,22.0
BR_ITQ,Itaqui,18/01/2026,3:00,24.0,ENE,1.7,ENE,22.1
BR_ITQ,Itaqui,18/01/2026,4:00,23.0,ENE,1.6,ENE,22.4
BR_ITQ,Itaqui,18/01/2026,5:00,23.0,ENE,1.6,ENE,22.9
BR_ITQ,Itaqui,18/01/2026,6:00,23.0,ENE,1.6,ENE,23.5
BR_ITQ,Itaqui,18/01/2026,7:00,23.0,ENE,1.6,ENE,24.2
BR_ITQ,Itaqui,18/01/2026,8:00,23.0,ENE,1.6,ENE,25.0
BR_ITQ,Itaqui,18/01/2026,9:00,24.0,ENE,1.7,ENE,25.8
BR_ITQ,Itaqui,18/01/2026,10:00,25.0,ENE,1.8,ENE,26.5
BR_ITQ,Itaqui,18/01/2026,11:00,26.0,NE,1.8,NE,27.1
BR_ITQ,Itaqui,18/01/2026,12:00,27.0,NE,1.9,NE,27.6
BR_ITQ,Itaqui,18/01/2026,13:00,28.0,NE,1.9,NE,27.9
BR_ITQ,Itaqui,18/01/2026,14:00,30.0,NNE,2.0,NNE,28.0
BR_ITQ,Itaqui,18/01/2026,15:00,29.0,NE,1.9,NE,27.9
BR_ITQ,Itaqui,18/01/2026,16:00,28.0,NE,1.9,NE,27.6
BR_ITQ,Itaqui,18/01/2026,17:00,27.0,NE,1.9,NE,27.1
BR_ITQ,Itaqui,18/01/2026,18:00,26.0,NE,1.8,NE,26.5
BR_ITQ,Itaqui,18/01/2026,19:00,25.0,NE,1.8,NE,25.8
BR_ITQ,Itaqui,18/01/2026,20:00,23.0,NE,1.6,NE,25.0
BR_ITQ,Itaqui,18/01/2026,21:00,24.0,NE,1.7,NE,24.2
BR_ITQ,Itaqui,18/01/2026,22:00,24.0,NE,1.7,NE,23.5
BR_ITQ,Itaqui,18/01/2026,23:00,25.0,NE,1.8,NE,22.9
BR_ITQ,Itaqui,19/01/2026,0:00,24.0,NE,1.7,NE,22.4
BR_ITQ,Itaqui,19/01/2026,1:00,23.0,ENE,1.6,ENE,22.1
BR_ITQ,Itaqui,19/01/2026,2:00,22.0,ENE,1.6,ENE,22.0
BR_ITQ,Itaqui,19/01/2026,3:00,21.0,ENE,1.6,ENE,22.1
BR_ITQ,Itaqui,19/01/2026,4:00,21.0,ENE,1.6,ENE,22.4
BR_ITQ,Itaqui,19/01/2026,5:00,20.0,ENE,1.5,ENE,22.9
BR_ITQ,Itaqui,19/01/2026,6:00,22.0,ENE,1.6,ENE,23.5
BR_ITQ,Itaqui,19/01/2026,7:00,24.0,ENE,1.7,ENE,24.2
BR_ITQ,Itaqui,19/01/2026,8:00,26.0,ENE,1.8,ENE,25.0
BR_ITQ,Itaqui,19/01/2026,9:00,26.0,ENE,1.8,ENE,25.8
BR_ITQ,Itaqui,19/01/2026,10:00,27.0,NE,1.9,NE,26.5
BR_ITQ,Itaqui,19/01/2026,11:00,28.0,NE,1.9,NE,27.1
BR_ITQ,Itaqui,19/01/2026,12:00,27.0,NE,1.9,NE,27.6
BR_ITQ,Itaqui,19/01/2026,13:00,27.0,NE,1.9,NE,27.9
BR_ITQ,Itaqui,19/01/2026,14:00,26.0,NE,1.8,NE,28.0
BR_ITQ,Itaqui,19/01/2026,15:00,26.0,NE,1.8,NE,27.9
BR_ITQ,Itaqui,19/01/2026,16:00,26.0,NE,1.8,NE,27.6
BR_ITQ,Itaqui,19/01/2026,17:00,26.0,NE,1.8,NE,27.1
BR_ITQ,Itaqui,19/01/2026,18:00,26.0,NE,1.8,NE,26.5
BR_ITQ,Itaqui,19/01/2026,19:00,25.0,NE,1.8,NE,25.8
BR_ITQ,Itaqui,19/01/2026,20:00,25.0,NE,1.8,NE,25.0
BR_ITQ,Itaqui,19/01/2026,21:00,25.0,NE,1.8,NE,24.2
BR_ITQ,Itaqui,19/01/2026,22:00,25.0,NE,1.8,NE,23.5
BR_ITQ,Itaqui,19/01/2026,23:00,25.0,NE,1.8,NE,22.9
BR_STN,Santana (Macapá),13/01/2026,0:00,10.0,NE,1.0,NE,22.4
BR_STN,Santana (Macapá),13/01/2026,1:00,10.0,NNE,1.0,NNE,22.1
BR_STN,Santana (Macapá),13/01/2026,2:00,9.0,NNE,0.9,NNE,22.0
BR_STN,Santana (Macapá),13/01/2026,3:00,9.0,NNE,0.9,NNE,22.1
BR_STN,Santana (Macapá),13/01/2026,4:00,8.0,NNE,0.9,NNE,22.4
BR_STN,Santana (Macapá),13/01/2026,5:00,8.0,N,0.9,N,22.9
BR_STN,Santana (Macapá),13/01/2026,6:00,8.0,NNE,0.9,NNE,23.5
BR_STN,Santana (Macapá),13/01/2026,7:00,7.0,N,0.8,N,24.2
BR_STN,Santana (Macapá),13/01/2026,8:00,9.0,NNE,0.9,NNE,25.0
BR_STN,Santana (Macapá),13/01/2026,9:00,10.0,NE,1.0,NE,25.8
BR_STN,Santana (Macapá),13/01/2026,10:00,11.0,NE,1.1,NE,26.5
BR_STN,Santana (Macapá),13/01/2026,11:00,12.0,ENE,1.1,ENE,27.1
BR_STN,Santana (Macapá),13/01/2026,12:00,13.0,ENE,1.1,ENE,27.6
BR_STN,Santana (Macapá),13/01/2026,13:00,13.0,ENE,1.1,ENE,27.9
BR_STN,Santana (Macapá),13/01/2026,14:00,14.0,E,1.2,E,28.0
BR_STN,Santana (Macapá),13/01/2026,15:00,13.0,E,1.1,E,27.9
BR_STN,Santana (Macapá),13/01/2026,16:00,14.0,ENE,1.2,ENE,27.6
BR_STN,Santana (Macapá),13/01/2026,17:00,14.0,ENE,1.2,ENE,27.1
BR_STN,Santana (Macapá),13/01/2026,18:00,13.0,ENE,1.1,ENE,26.5
BR_STN,Santana (Macapá),13/01/2026,19:00,12.0,E,1.1,E,25.8
BR_STN,Santana (Macapá),13/01/2026,20:00,12.0,ENE,1.1,ENE,25.0
BR_STN,Santana (Macapá),13/01/2026,21:00,12.0,ENE,1.1,ENE,24.2
BR_STN,Santana (Macapá),13/01/2026,22:00,13.0,ENE,1.1,ENE,23.5
BR_STN,Santana (Macapá),13/01/2026,23:00,12.0,NE,1.1,NE,22.9
BR_STN,Santana (Macapá),14/01/2026,0:00,11.0,NE,1.1,NE,22.4
BR_STN,Santana (Macapá),14/01/2026,1:00,9.0,NE,0.9,NE,22.1
BR_STN,Santana (Macapá),14/01/2026,2:00,9.0,NNE,0.9,NNE,22.0
BR_STN,Santana (Macapá),14/01/2026,3:00,8.0,NNE,0.9,NNE,22.1
BR_STN,Santana (Macapá),14/01/2026,4:00,8.0,NNE,0.9,NNE,22.4
BR_STN,Santana (Macapá),14/01/2026,5:00,7.0,NNE,0.8,NNE,22.9
BR_STN,Santana (Macapá),14/01/2026,6:00,6.0,NNE,0.8,NNE,23.5
BR_STN,Santana (Macapá),14/01/2026,7:00,6.0,NNE,0.8,NNE,24.2
BR_STN,Santana (Macapá),14/01/2026,8:00,9.0,NNE,0.9,NNE,25.0
BR_STN,Santana (Macapá),14/01/2026,9:00,9.0,NNE,0.9,NNE,25.8
BR_STN,Santana (Macapá),14/01/2026,10:00,9.0,NE,0.9,NE,26.5
BR_STN,Santana (Macapá),14/01/2026,11:00,10.0,ENE,1.0,ENE,27.1
BR_STN,Santana (Macapá),14/01/2026,12:00,11.0,E,1.1,E,27.6
BR_STN,Santana (Macapá),14/01/2026,13:00,11.0,E,1.1,E,27.9
BR_STN,Santana (Macapá),14/01/2026,14:00,12.0,E,1.1,E,28.0
BR_STN,Santana (Macapá),14/01/2026,15:00,13.0,E,1.1,E,27.9
BR_STN,Santana (Macapá),14/01/2026,16:00,13.0,ENE,1.1,ENE,27.6
BR_STN,Santana (Macapá),14/01/2026,17:00,12.0,ENE,1.1,ENE,27.1
BR_STN,Santana (Macapá),14/01/2026,18:00,12.0,ENE,1.1,ENE,26.5
BR_STN,Santana (Macapá),14/01/2026,19:00,13.0,ENE,1.1,ENE,25.8
BR_STN,Santana (Macapá),14/01/2026,20:00,12.0,ENE,1.1,ENE,25.0
BR_STN,Santana (Macapá),14/01/2026,21:00,12.0,ENE,1.1,ENE,24.2
BR_STN,Santana (Macapá),14/01/2026,22:00,11.0,NE,1.1,NE,23.5
BR_STN,Santana (Macapá),14/01/2026,23:00,10.0,NE,1.0,NE,22.9
BR_STN,Santana (Macapá),15/01/2026,0:00,9.0,NE,0.9,NE,22.4
BR_STN,Santana (Macapá),15/01/2026,1:00,8.0,NE,0.9,NE,22.1
BR_STN,Santana (Macapá),15/01/2026,2:00,8.0,NNE,0.9,NNE,22.0
BR_STN,Santana (Macapá),15/01/2026,3:00,7.0,NNE,0.8,NNE,22.1
BR_STN,Santana (Macapá),15/01/2026,4:00,6.0,NNE,0.8,NNE,22.4
BR_STN,Santana (Macapá),15/01/2026,5:00,6.0,NNE,0.8,NNE,22.9
BR_STN,Santana (Macapá),15/01/2026,6:00,6.0,NNE,0.8,NNE,23.5
BR_STN,Santana (Macapá),15/01/2026,7:00,6.0,NNE,0.8,NNE,24.2
BR_STN,Santana (Macapá),15/01/2026,8:00,8.0,NNE,0.9,NNE,25.0
BR_STN,Santana (Macapá),15/01/2026,9:00,8.0,NE,0.9,NE,25.8
BR_STN,Santana (Macapá),15/01/2026,10:00,9.0,ENE,0.9,ENE,26.5
BR_STN,Santana (Macapá),15/01/2026,11:00,11.0,ENE,1.1,ENE,27.1
BR_STN,Santana (Macapá),15/01/2026,12:00,12.0,ENE,1.1,ENE,27.6
BR_STN,Santana (Macapá),15/01/2026,13:00,12.0,E,1.1,E,27.9
BR_STN,Santana (Macapá),15/01/2026,14:00,13.0,E,1.1,E,28.0
BR_STN,Santana (Macapá),15/01/2026,15:00,13.0,E,1.1,E,27.9
BR_STN,Santana (Macapá),15/01/2026,16:00,14.0,E,1.2,E,27.6
BR_STN,Santana (Macapá),15/01/2026,17:00,14.0,E,1.2,E,27.1
BR_STN,Santana (Macapá),15/01/2026,18:00,12.0,E,1.1,E,26.5
BR_STN,Santana (Macapá),15/01/2026,19:00,12.0,E,1.1,E,25.8
BR_STN,Santana (Macapá),15/01/2026,20:00,12.0,ENE,1.1,ENE,25.0
BR_STN,Santana (Macapá),15/01/2026,21:00,12.0,ENE,1.1,ENE,24.2
BR_STN,Santana (Macapá),15/01/2026,22:00,11.0,ENE,1.1,ENE,23.5
BR_STN,Santana (Macapá),15/01/2026,23:00,10.0,NE,1.0,NE,22.9
BR_STN,Santana (Macapá),16/01/2026,0:00,9.0,NE,0.9,NE,22.4
BR_STN,Santana (Macapá),16/01/2026,1:00,9.0,NE,0.9,NE,22.1
BR_STN,Santana (Macapá),16/01/2026,2:00,7.0,NNE,0.8,NNE,22.0
BR_STN,Santana (Macapá),16/01/2026,3:00,7.0,NNE,0.8,NNE,22.1
BR_STN,Santana (Macapá),16/01/2026,4:00,7.0,NNE,0.8,NNE,22.4
BR_STN,Santana (Macapá),16/01/2026,5:00,7.0,NNE,0.8,NNE,22.9
BR_STN,Santana (Macapá),16/01/2026,6:00,6.0,NNE,0.8,NNE,23.5
BR_STN,Santana (Macapá),16/01/2026,7:00,6.0,NNE,0.8,NNE,24.2
BR_STN,Santana (Macapá),16/01/2026,8:00,8.0,NNE,0.9,NNE,25.0
BR_STN,Santana (Macapá),16/01/2026,9:00,10.0,NE,1.0,NE,25.8
BR_STN,Santana (Macapá),16/01/2026,10:00,10.0,NE,1.0,NE,26.5
BR_STN,Santana (Macapá),16/01/2026,11:00,11.0,ENE,1.1,ENE,27.1
BR_STN,Santana (Macapá),16/01/2026,12:00,12.0,ENE,1.1,ENE,27.6
BR_STN,Santana (Macapá),16/01/2026,13:00,13.0,E,1.1,E,27.9
BR_STN,Santana (Macapá),16/01/2026,14:00,13.0,E,1.1,E,28.0
BR_STN,Santana (Macapá),16/01/2026,15:00,13.0,ENE,1.1,ENE,27.9
BR_STN,Santana (Macapá),16/01/2026,16:00,14.0,ENE,1.2,ENE,27.6
BR_STN,Santana (Macapá),16/01/2026,17:00,14.0,ENE,1.2,ENE,27.1
BR_STN,Santana (Macapá),16/01/2026,18:00,16.0,ENE,1.3,ENE,26.5
BR_STN,Santana (Macapá),16/01/2026,19:00,18.0,ENE,1.4,ENE,25.8
BR_STN,Santana (Macapá),16/01/2026,20:00,17.0,ENE,1.4,ENE,25.0
BR_STN,Santana (Macapá),16/01/2026,21:00,15.0,NE,1.2,NE,24.2
BR_STN,Santana (Macapá),16/01/2026,22:00,13.0,NE,1.1,NE,23.5
BR_STN,Santana (Macapá),16/01/2026,23:00,12.0,NE,1.1,NE,22.9
BR_STN,Santana (Macapá),17/01/2026,0:00,10.0,NE,1.0,NE,22.4
BR_STN,Santana (Macapá),17/01/2026,1:00,11.0,NE,1.1,NE,22.1
BR_STN,Santana (Macapá),17/01/2026,2:00,10.0,NNE,1.0,NNE,22.0
BR_STN,Santana (Macapá),17/01/2026,3:00,9.0,NE,0.9,NE,22.1
BR_STN,Santana (Macapá),17/01/2026,4:00,9.0,NNE,0.9,NNE,22.4
BR_STN,Santana (Macapá),17/01/2026,5:00,9.0,NNE,0.9,NNE,22.9
BR_STN,Santana (Macapá),17/01/2026,6:00,7.0,NNE,0.8,NNE,23.5
BR_STN,Santana (Macapá),17/01/2026,7:00,8.0,NNE,0.9,NNE,24.2
BR_STN,Santana (Macapá),17/01/2026,8:00,9.0,NNE,0.9,NNE,25.0
BR_STN,Santana (Macapá),17/01/2026,9:00,10.0,NE,1.0,NE,25.8
BR_STN,Santana (Macapá),17/01/2026,10:00,12.0,NE,1.1,NE,26.5
BR_STN,Santana (Macapá),17/01/2026,11:00,13.0,ENE,1.1,ENE,27.1
BR_STN,Santana (Macapá),17/01/2026,12:00,14.0,ENE,1.2,ENE,27.6
BR_STN,Santana (Macapá),17/01/2026,13:00,15.0,ENE,1.2,ENE,27.9
BR_STN,Santana (Macapá),17/01/2026,14:00,16.0,ENE,1.3,ENE,28.0
BR_STN,Santana (Macapá),17/01/2026,15:00,17.0,ENE,1.4,ENE,27.9
BR_STN,Santana (Macapá),17/01/2026,16:00,17.0,ENE,1.4,ENE,27.6
BR_STN,Santana (Macapá),17/01/2026,17:00,16.0,ENE,1.3,ENE,27.1
BR_STN,Santana (Macapá),17/01/2026,18:00,16.0,ENE,1.3,ENE,26.5
BR_STN,Santana (Macapá),17/01/2026,19:00,15.0,ENE,1.2,ENE,25.8
BR_STN,Santana (Macapá),17/01/2026,20:00,15.0,ENE,1.2,ENE,25.0
BR_STN,Santana (Macapá),17/01/2026,21:00,14.0,ENE,1.2,ENE,24.2
BR_STN,Santana (Macapá),17/01/2026,22:00,13.0,NE,1.1,NE,23.5
BR_STN,Santana (Macapá),17/01/2026,23:00,12.0,NE,1.1,NE,22.9
BR_STN,Santana (Macapá),18/01/2026,0:00,10.0,NE,1.0,NE,22.4
BR_STN,Santana (Macapá),18/01/2026,1:00,9.0,NE,0.9,NE,22.1
BR_STN,Santana (Macapá),18/01/2026,2:00,9.0,NNE,0.9,NNE,22.0
BR_STN,Santana (Macapá),18/01/2026,3:00,8.0,NNE,0.9,NNE,22.1
BR_STN,Santana (Macapá),18/01/2026,4:00,8.0,NNE,0.9,NNE,22.4
BR_STN,Santana (Macapá),18/01/2026,5:00,8.0,NNE,0.9,NNE,22.9
BR_STN,Santana (Macapá),18/01/2026,6:00,8.0,NNE,0.9,NNE,23.5
BR_STN,Santana (Macapá),18/01/2026,7:00,9.0,NNE,0.9,NNE,24.2
BR_STN,Santana (Macapá),18/01/2026,8:00,10.0,NNE,1.0,NNE,25.0
BR_STN,Santana (Macapá),18/01/2026,9:00,11.0,NE,1.1,NE,25.8
BR_STN,Santana (Macapá),18/01/2026,10:00,12.0,NE,1.1,NE,26.5
BR_STN,Santana (Macapá),18/01/2026,11:00,13.0,ENE,1.1,ENE,27.1
BR_STN,Santana (Macapá),18/01/2026,12:00,14.0,E,1.2,E,27.6
BR_STN,Santana (Macapá),18/01/2026,13:00,14.0,E,1.2,E,27.9
BR_STN,Santana (Macapá),18/01/2026,14:00,15.0,E,1.2,E,28.0
BR_STN,Santana (Macapá),18/01/2026,15:00,15.0,E,1.2,E,27.9
BR_STN,Santana (Macapá),18/01/2026,16:00,15.0,ENE,1.2,ENE,27.6
BR_STN,Santana (Macapá),18/01/2026,17:00,14.0,ENE,1.2,ENE,27.1
BR_STN,Santana (Macapá),18/01/2026,18:00,14.0,ENE,1.2,ENE,26.5
BR_STN,Santana (Macapá),18/01/2026,19:00,13.0,ENE,1.1,ENE,25.8
BR_STN,Santana (Macapá),18/01/2026,20:00,13.0,ENE,1.1,ENE,25.0
BR_STN,Santana (Macapá),18/01/2026,21:00,13.0,NE,1.1,NE,24.2
BR_STN,Santana (Macapá),18/01/2026,22:00,12.0,NE,1.1,NE,23.5
BR_STN,Santana (Macapá),18/01/2026,23:00,11.0,NE,1.1,NE,22.9
BR_STN,Santana (Macapá),19/01/2026,0:00,10.0,NE,1.0,NE,22.4
BR_STN,Santana (Macapá),19/01/2026,1:00,10.0,NE,1.0,NE,22.1
BR_STN,Santana (Macapá),19/01/2026,2:00,9.0,NE,0.9,NE,22.0
BR_STN,Santana (Macapá),19/01/2026,3:00,9.0,NE,0.9,NE,22.1
BR_STN,Santana (Macapá),19/01/2026,4:00,8.0,NE,0.9,NE,22.4
BR_STN,Santana (Macapá),19/01/2026,5:00,8.0,NE,0.9,NE,22.9
BR_STN,Santana (Macapá),19/01/2026,6:00,7.0,NE,0.8,NE,23.5
BR_STN,Santana (Macapá),19/01/2026,7:00,8.0,NE,0.9,NE,24.2
BR_STN,Santana (Macapá),19/01/2026,8:00,9.0,NE,0.9,NE,25.0
BR_STN,Santana (Macapá),19/01/2026,9:00,10.0,NE,1.0,NE,25.8
BR_STN,Santana (Macapá),19/01/2026,10:00,11.0,ENE,1.1,ENE,26.5
BR_STN,Santana (Macapá),19/01/2026,11:00,12.0,ENE,1.1,ENE,27.1
BR_STN,Santana (Macapá),19/01/2026,12:00,13.0,ENE,1.1,ENE,27.6
BR_STN,Santana (Macapá),19/01/2026,13:00,14.0,ENE,1.2,ENE,27.9
BR_STN,Santana (Macapá),19/01/2026,14:00,15.0,ENE,1.2,ENE,28.0
BR_STN,Santana (Macapá),19/01/2026,15:00,16.0,ENE,1.3,ENE,27.9
BR_STN,Santana (Macapá),19/01/2026,16:00,16.0,ENE,1.3,ENE,27.6
BR_STN,Santana (Macapá),19/01/2026,17:00,15.0,ENE,1.2,ENE,27.1
BR_STN,Santana (Macapá),19/01/2026,18:00,15.0,ENE,1.2,ENE,26.5
BR_STN,Santana (Macapá),19/01/2026,19:00,14.0,ENE,1.2,ENE,25.8
BR_STN,Santana (Macapá),19/01/2026,20:00,13.0,ENE,1.1,ENE,25.0
BR_STN,Santana (Macapá),19/01/2026,21:00,12.0,NE,1.1,NE,24.2
BR_STN,Santana (Macapá),19/01/2026,22:00,11.0,NE,1.1,NE,23.5
BR_STN,Santana (Macapá),19/01/2026,23:00,10.0,NE,1.0,NE,22.9
